Name	19: Id:1 Pos (without oversampling) (kp:10 Tn:0) 1
Record-Number	19
Axis-ID	1
Min Frequency [Hz]	1
Max Frequency [Hz]	247.5
Frequency Steps	100
Mode	Position (without oversampling)
Position Monitoring Window [mm]	50
Position Amplitude Scaling Mode	1/ f
Position Base Amplitude [mm]	0
Position Signal Amplitude [mm]	1
Integral Time [s]	0
Proportional Gain	10
Check Drive Limitations	True
Dead Time [s]	0.008
Cycle Time [ms]	2
Oversampling	x1
Frequency	Process-Gain	Process-Phase	Open-Loop-Gain	Open-Loop-Phase	Close-Loop-Gain	Close-Loop-Phase
0.9765625	-11.82559276648805	-114.73311424635754	9.1982836556471668	-118.30786749943762	1.0162731307889379	-20.073800640869234
1.953125	-40.646665750616478	-71.400777163305648	-20.57021800190067	-71.257526057899668	-20.859789047752489	-66.337080519180688
2.9296875	-46.773556056016254	-50.072827378526007	-26.725917119151571	-49.846004459855735	-26.985445698556095	-47.88622648821152
3.90625	-56.844633551698905	-36.262784373507657	-36.828288804825959	-36.142314528204807	-36.929070071403743	-35.661061151094692
4.8828125	-59.768340606004088	-8.8330586707477483	-39.762393892791074	-8.694386953261624	-39.850200895051465	-8.606269674158618
5.859375	-59.740605790119886	-4.9567424710953247	-39.734557595839028	-4.7880992516054883	-39.823347185110613	-4.7392913397112775
6.8359375	-60.218259490390516	4.2979495114747888	-40.215507962480814	4.4881623141626976	-40.299572857857775	4.444846576256003
7.8125	-60.354451027395541	11.273216372180919	-40.354525145751062	11.487832856506778	-40.4358733180498	11.379307558542848
8.7890625	-60.224703209322755	11.949045067711772	-40.224324592335194	12.193697462147481	-40.306685818810131	12.07687722414374
9.765625	-60.281276654635533	18.434922486651413	-40.284487107862077	18.703602204701994	-40.363786368242323	18.527406315330126
10.7421875	-60.047693384327061	20.762206615955684	-40.052064517611079	21.064716164321364	-40.132317704865194	20.861895330629814
11.71875	-59.923409453621645	23.883782795160844	-39.929761544693093	24.216621356449469	-40.009328169521872	23.981852768347505
12.6953125	-59.807744104522513	26.56636640837225	-39.815943036220851	26.929687981625676	-39.894774985433159	26.667033633267206
13.671875	-59.581153674698207	29.096372055730548	-39.591398751743263	29.495573269860039	-39.670395901669856	29.20256205565024
14.6484375	-59.326840283731968	31.918061331445461	-39.339771049342183	32.355127769534214	-39.418723158322763	32.027276510757027
15.625	-59.069238675508942	32.65836025325639	-39.082584405340057	33.138100591475457	-39.163202105289848	32.793209816148149
16.6015625	-58.827132035935605	34.128903568946342	-38.841781025012764	34.651099875844587	-38.92322459968797	34.282331068055086
17.578125	-58.474035932435953	36.221089437299696	-38.491208548268972	36.793453283907255	-38.573785071172153	36.389050090982309
18.5546875	-58.305057019431359	36.899328644140347	-38.322321432356112	37.51449139614725	-38.405730206297818	37.095282744290074
19.53125	-57.935713137281184	38.690362832649953	-37.955333020144039	39.362343085777205	-38.04017336075303	38.906977520309
20.5078125	-57.648694144642675	39.78716260463802	-37.669354837617945	40.514035901890736	-37.7555934007509	40.032069198224228
21.484375	-57.351533278192043	40.551647630257833	-37.372560420319843	41.337688577555554	-37.460707743672828	40.830741170972075
22.4609375	-57.182790297895238	42.35242395305584	-37.206020098184275	43.185258299564595	-37.29332592272749	42.649773711795923
23.4375	-56.786989403640746	43.261113200236828	-36.811131668825368	44.167558743511727	-36.901041413055218	43.597183894705566
24.4140625	-56.719470939330307	43.760806276653646	-36.742469199857382	44.710122608434929	-36.832271497457754	44.129634800328468
25.390625	-56.445476392064279	44.542292384328569	-36.468443307198214	45.557499271177186	-36.559784611683668	44.949628209188042
26.3671875	-56.213201337454933	45.023911647953952	-36.235019591815089	46.103268692728918	-36.327953031089976	45.473149991288004
27.34375	-55.881795036644739	46.142187407859822	-35.904404251320891	47.299056584662594	-35.998876115234751	46.631606299648993
28.3203125	-55.554192724933813	47.7399143206205	-35.579118923222119	48.9759971016926	-35.674118324691683	48.264702503266228
29.296875	-55.610729059380127	46.84315839124509	-35.628540370485858	48.112007355838934	-35.724588486520808	47.414192282969367
30.2734375	-55.200924949881752	47.246266390590037	-35.216649988088584	48.614115323051159	-35.316403761886114	47.877001930588278
31.25	-54.967441084891092	47.07902356100692	-34.978149501609863	48.522767397222587	-35.080865073290319	47.766455812421569
32.2265625	-54.645847930722347	48.167198325320982	-34.656123421717474	49.702098052139512	-34.760283600159482	48.903236127539927
33.203125	-54.456672266077931	49.052910201552059	-34.465356290081573	50.65848089901727	-34.569778810973546	49.830458043489692
34.1796875	-54.34301230406615	49.476215188866007	-34.347807530551655	51.139760235770488	-34.452597208519535	50.29474054208562
35.15625	-53.984930210568457	49.041098201701033	-33.981657066061281	50.811852534740979	-34.091725062301911	49.935059319199404
36.1328125	-53.924856311113437	49.626776064642456	-33.917660007284795	51.445124455825969	-34.027076464348468	50.553874529438104
37.109375	-53.736375258001445	50.338557791642543	-33.725588482598695	52.231530883698277	-33.835577810967656	51.310530043575596
38.0859375	-53.4812855970661	49.959166800527079	-33.460831999843464	51.941379975807656	-33.574956457400873	50.996059334402659
39.0625	-53.347651746263693	49.9481739725398	-33.319011954560864	51.992303178251305	-33.434894355216819	51.030945831465971
41.015625	-52.654630644552938	49.959370600512095	-32.606382779036835	52.233382877293884	-32.731557522419187	51.187513776775653
41.9921875	-52.55988091774767	50.68127065466782	-32.506333669520693	53.010169557298667	-32.630810548876418	51.9410802182044
42.96875	-52.340911104644249	49.638996546513546	-32.269791259825077	52.044692823877838	-32.400467249382807	50.960961140319554
44.921875	-52.206237872286636	50.940686776137035	-32.122438546864331	53.433611311861554	-32.251332777259179	52.310585569073048
45.8984375	-51.971334571976584	50.179020659689215	-31.869625216362152	52.748761234686889	-32.004399778104194	51.603673995099605
47.8515625	-51.528506756428349	50.216250763428654	-31.399506849852425	52.943291433878045	-31.541203771935386	51.73236112816069
48.828125	-51.481969396580958	48.91720509573689	-31.331242083828407	51.643574946801628	-31.478153245556193	50.445029663064773
50.78125	-51.146531076352836	48.79899824071687	-30.965248144848516	51.627608112053636	-31.118562079110049	50.378669987073678
51.7578125	-51.011170123351306	49.628374453628105	-30.821429994086884	52.511468439174081	-30.974380871138685	51.226260638234749
53.7109375	-50.651026903916744	48.084255956972022	-30.415955251137433	51.025872545281452	-30.58139210385454	49.70836646161672
55.6640625	-50.263416297561889	48.464464508723886	-29.995326108547413	51.505492913979	-30.167282803327311	50.114327889232413
56.640625	-50.135254687377923	49.459714744815813	-29.858794352064898	52.547375717330574	-30.029642809259908	51.11377643370313
58.59375	-49.603213570235781	48.229660392212885	-29.272231922041097	51.397923128018547	-29.459613347285249	49.890900290823943
60.546875	-49.27800730586042	47.286423817673359	-28.900023926917662	50.439462225788965	-29.099520198010048	48.889836002478049
62.5	-48.825635856111091	49.28524997116476	-28.419807855465287	52.581740556129454	-28.6214992388761	50.894986434479151
64.453125	-48.540963293261292	47.403962155946182	-28.079321245879658	50.575362455355084	-28.29807955580026	48.87258103230068
66.40625	-47.923485130359964	46.801055110554117	-27.398074643191386	50.006235201882369	-27.637450156703082	48.183947411239195
68.359375	-47.489326056743245	45.3816695628223	-26.901759665336641	48.460943970510989	-27.162827578953049	46.580530866100354
70.3125	-46.976575224398879	43.897918382671989	-26.320386801143243	46.827920883021932	-26.607852742929616	44.874833896471657
72.265625	-46.536078481922189	43.0533648810583	-25.822278159080383	45.810374899937408	-26.132038555405416	43.781978208779393
75.1953125	-46.030090850769156	42.325958865577476	-25.250899641707875	44.748764606998051	-25.587491128505093	42.628356228710004
77.1484375	-45.801066189670358	41.560254639840188	-24.991121794834562	43.6650900796873	-25.343858397774738	41.526351815069646
80.078125	-45.10215544576505	39.753072504218835	-24.216303680367144	41.343121885723711	-24.615193290172733	39.11781985174035
82.03125	-44.519687946850972	39.497927455151547	-23.580076049824118	40.817736322484045	-24.01219124098381	38.457342620482443
84.9609375	-43.78751944102396	38.642968069081377	-22.789816754282697	39.41341915681145	-23.271628869954931	36.916572716442005
86.9140625	-43.273159260071061	38.657667429699835	-22.241991397703494	39.0996865806839	-22.756865593756711	36.467993013613551
89.84375	-42.636667446811629	38.145942432538831	-21.584403867356375	37.987622848420564	-22.146928143726559	35.232344398474211
92.7734375	-41.780728913323983	37.456465694024409	-20.697649865606593	36.637634339838193	-21.329538268819054	33.702488911602892
95.703125	-41.11754064345557	36.692659645262445	-20.050652393405542	35.216958930334968	-20.741146806088487	32.181677702609946
98.6328125	-40.332868520657804	35.877213374368452	-19.290045415172536	33.748200428521969	-20.053670930156329	30.583165290411298
101.5625	-39.441406895187882	34.640941831421365	-18.438013121708408	31.833356822173911	-19.293493562241025	28.553409308718219
105.46875	-38.301348421990852	31.580281474730704	-17.413815433102918	27.907777422084113	-18.404322311013225	24.68353419759022
108.3984375	-37.343696788717956	28.883432196482961	-16.5700670104278	24.71169146460343	-17.681642578151784	21.582102852483025
111.328125	-36.437419290739506	26.135253061326321	-15.805878656912762	21.77084935786624	-17.03553714935682	18.780000485996084
115.234375	-35.184520315476711	22.418364448009751	-14.75847476814806	18.321459403582097	-16.159084751068427	15.517624175000046
119.140625	-33.949084089046522	16.84030724550772	-13.740786027010381	13.7132427436874	-15.329475626148453	11.387126710561152
122.0703125	-32.948404261138521	12.473294192960109	-12.869800807696407	10.637987528575225	-14.625901162524224	8.6739427109140141
125.9765625	-31.911497964921068	5.6477044770061946	-11.920164355140857	6.358690052318793	-13.874077277707054	5.0739705556126067
129.8828125	-31.019285082612544	-4.1685624417146157	-10.92265340907071	-0.25270533012702845	-13.096369067759728	-0.19675603623892035
133.7890625	-30.360534664725748	-13.716969781197992	-9.9008660119483913	-6.5030519164283751	-12.301134068123256	-4.9284080496054177
138.671875	-29.990033515435453	-24.541970856863948	-8.7285670229674661	-14.361983032996621	-11.384487846697091	-10.527058621659716
142.578125	-29.930857611968918	-32.195701878758491	-7.8159722166003833	-21.430472356042713	-10.654376866485615	-15.27907774758056
147.4609375	-30.045466604405782	-39.425814834917247	-6.8022922266451324	-30.62708950547599	-9.8022909291049753	-21.140847649209341
151.3671875	-30.229295962154232	-43.402820952219116	-6.1870972474264043	-38.207672459341516	-9.2221945814951809	-25.855840982751065
156.25	-30.442652335199682	-46.392224925957734	-5.6394006848984679	-47.420797540659713	-8.6058329443086254	-31.554490907501904
161.1328125	-30.319740113311177	-48.79502407311228	-4.8972094944360709	-58.496897763470969	-7.7268159221163577	-37.992690548241427
166.015625	-29.96424853392525	-49.407518409453928	-4.1704612965677708	-69.055671179085451	-6.7833343199959213	-43.7335171166738
171.875	-29.563792029491673	-50.5490095117164	-4.2326427079949491	-82.806735794515617	-6.0829027377147806	-53.300437374615747
176.7578125	-28.96829856177083	-50.843918894773736	-4.4311001898130256	-92.911074884931409	-5.5688727018638069	-61.174685818933462
182.6171875	-27.878553869219374	-50.41976679567594	-4.6679271356603351	-103.23247497148435	-4.977484750883673	-69.945582333338592
187.5	-26.55210676623151	-49.547129233424961	-4.7750211756477636	-110.98180718628873	-4.4117524141985056	-76.798273785296018
193.359375	-24.37991299518734	-49.786370415417373	-5.0589021600969417	-119.73175220929646	-3.8553788237220559	-85.876616442094786
200.1953125	-20.37813755317352	-51.291963362444811	-5.201983679288543	-129.18629759248378	-3.0379303529327895	-96.0703798115429
206.0546875	-15.041151351894207	-66.17359173197589	-5.57807974090935	-136.01016419724473	-2.7360183580682031	-105.55506573768271
211.9140625	-10.035439618261448	-131.31171957342394	-5.7797093411473979	-142.65492986754046	-2.2818648801068346	-114.84984827526051
218.75	-17.182272726428511	-181.49256907046578	-5.9444058454151572	-150.33639153954093	-1.7172861295273456	-126.37477978747103
225.5859375	-21.683809171489152	-186.68129644597715	-6.16250599069777	-156.81695750403114	-1.4466288219575891	-137.34937561685911
232.421875	-24.23196413485115	-186.09168135978985	-6.3320493615670106	-163.16816279338119	-1.2351928450542657	-148.62083317835859
240.234375	-25.8276637052375	-183.44790674977259	-6.4468857693121526	-170.3047735993394	-1.0425965693173516	-161.71500063026781
247.0703125	-26.455301925040835	-180.95708425573693	-6.510790651290872	-176.9766810379131	-0.97467713367349673	-174.27453037595149

Name	20: Id:1 Pos (without oversampling) (kp:10 Tn:0) 1.2
Record-Number	20
Axis-ID	1
Min Frequency [Hz]	1
Max Frequency [Hz]	247.5
Frequency Steps	100
Mode	Position (without oversampling)
Position Monitoring Window [mm]	50
Position Amplitude Scaling Mode	Autoscale
Position Base Amplitude [mm]	0
Position Signal Amplitude [mm]	1
Integral Time [s]	0
Proportional Gain	10
Check Drive Limitations	True
Dead Time [s]	0.008
Cycle Time [ms]	2
Oversampling	x1
Frequency	Process-Gain	Process-Phase	Open-Loop-Gain	Open-Loop-Phase	Close-Loop-Gain	Close-Loop-Phase
0.9765625	-13.887209105048775	-115.5035057223383	6.906843064265197	-118.32362900744442	1.1046146772994621	-26.830120611725189
1.953125	-40.907789419426244	-70.698045319209868	-20.833880873809658	-70.553059212145087	-21.122619497649637	-65.799940438543857
2.9296875	-47.123086820659772	-50.258502458593462	-27.07722190156101	-50.041653721777912	-27.325472123750025	-48.1517203908427
3.90625	-57.245992694612809	-35.589393011792453	-37.230592231913484	-35.473171317334241	-37.32762255116176	-35.020883579737109
4.8828125	-60.260556215441319	-7.1145860627556425	-40.255534459752	-6.9825104618847194	-40.3388547875422	-6.9155230165409147
5.859375	-60.307269647339169	-2.01887127654733	-40.302836979229333	-1.8591881794247496	-40.386273919581875	-1.8414081103492435
6.8359375	-60.65545492658562	5.7518356429679578	-40.653532968328527	5.9330812635535386	-40.733301339241478	5.8786511973380282
7.8125	-60.615581955475591	11.62690067370548	-40.615847010528448	11.835151897794063	-40.694697330936329	11.726672713472574
8.7890625	-60.531673145479488	13.468307216835264	-40.5322542965779	13.704432426905834	-40.611285355237932	13.577915635699641
9.765625	-60.6246330936486	19.147695121171949	-40.628202203786195	19.405684650065179	-40.704119064844861	19.230139632082675
10.7421875	-60.242839202649982	21.141714562621374	-40.247407383018945	21.437308631328911	-40.325687290462625	21.235608438928804
11.71875	-60.075153805356408	23.825222431430003	-40.081342789452648	24.152343737141358	-40.159576699246912	23.922176966979212
12.6953125	-60.025207407471342	27.202805167158559	-40.033795111047766	27.556532448157011	-40.110255152149385	27.294811098096247
13.671875	-59.648036597895853	29.903965255119395	-39.659045911293418	30.299104944700936	-39.736811871427022	30.001145376884786
14.6484375	-59.493481046902815	31.24885918588139	-39.50540259524255	31.678598351178426	-39.583432831573205	31.362923699458932
15.625	-59.267643930603377	33.439202859315465	-39.281647801257535	33.906884822675941	-39.359757106981313	33.562811652563731
16.6015625	-59.013212133361307	35.447062660529	-39.029318957284865	35.955849367235245	-39.107772009971441	35.583033151444994
17.578125	-58.930516992529888	37.354566176854632	-38.948412469361358	37.895403974145943	-39.025639939264671	37.501700405861961
18.5546875	-58.615651316019111	39.314181354844727	-38.63606124340599	39.90250318086543	-38.71391597967596	39.476300585527063
19.53125	-58.25991633226073	40.529926050849511	-38.28193027411303	41.172898629148939	-38.361522538768263	40.7173895604897
20.5078125	-58.026943749041394	40.89823182821425	-38.048733668661939	41.591466678367617	-38.129973813577593	41.11975589981418
21.484375	-57.71049781091557	42.282246681014641	-37.734078044054854	43.032039908353639	-37.816439832330019	42.529292510022593
22.4609375	-57.498046595869852	43.8674712081489	-37.523620380536123	44.6663734100867	-37.60576148243517	44.135755212467878
23.4375	-57.124988164533846	44.54999561841084	-37.151129076756739	45.41813663223801	-37.235770813808244	44.857124263989647
24.4140625	-57.01798575169444	45.3274932374687	-37.043951943928668	46.240285240144473	-37.128412572399363	45.664321841285066
25.390625	-56.737888346297467	45.955154275850951	-36.763704409563751	46.932737281053271	-36.849850476943651	46.331162591008905
26.3671875	-56.571209144260763	46.822634664828477	-36.596992592235821	47.853397967995676	-36.683319255277908	47.231046756980476
27.34375	-56.147991709351061	47.584346461899273	-36.174129186115039	48.702133579948146	-36.263305469012252	48.040261775484147
28.3203125	-55.92397398364804	48.160811432400834	-35.949097019493308	49.344246827093023	-36.039469687980528	48.658452424750095
29.296875	-55.820517256295638	49.560780378110231	-35.846712820156057	50.791980062500336	-35.935499880210244	50.083088632022019
30.2734375	-55.531238853541524	49.9630667527294	-35.555709871486037	51.273080275845018	-35.646602984046083	50.535218321562844
31.25	-55.166962297828796	50.566508331042058	-35.190327838905219	51.969683181557059	-35.283727355026777	51.192895950864333
32.2265625	-55.086253583183428	50.243394230851948	-35.103867118559229	51.698578745095247	-35.1987594589948	50.917066951818533
33.203125	-54.71923374888739	50.999577324702678	-34.735564086462695	52.553913753967457	-34.832744886692446	51.72924354180001
34.1796875	-54.513616845924545	51.865019453288312	-34.5285360438599	53.492577696987894	-34.625983137217688	52.637556893769215
35.15625	-54.248664408614744	52.347050552135393	-34.2603756143154	54.061749412037095	-34.359574215037732	53.173656034740489
36.1328125	-54.144948094470905	52.1177131800384	-34.149508264131818	53.889710495558191	-34.250391436667748	52.992343990428409
37.109375	-53.794839290263781	52.240595518498957	-33.793562261321725	54.121148173158922	-33.898119728915738	53.183889748878379
38.0859375	-53.734398465293651	52.653468588387121	-33.7281415565948	54.581183909903082	-33.83235460315538	53.631346861905612
39.0625	-53.520582590976744	53.094888329139032	-33.509144453269379	55.103851485231637	-33.614698348428547	54.123631512261056
41.015625	-52.99888548748077	52.559745261795463	-32.967396008403618	54.754752030050632	-33.08073357053658	53.716825443171388
41.9921875	-52.809595571505284	52.713141265413817	-32.769622885534524	54.98487301737449	-32.884947801911238	53.92027796683972
42.96875	-52.5170770440107	53.988199093631749	-32.474685295243944	56.369672485361967	-32.590005588342862	55.249973936534353
44.921875	-52.05833235198665	53.363848292692467	-31.989695495177465	55.919123234106543	-32.113077729449941	54.742440553918804
45.8984375	-51.883955134441123	53.890211002789542	-31.807229506918091	56.5208617701281	-31.931359283472037	55.310826123040265
47.8515625	-51.358658095652466	53.942809294972889	-31.25532293867299	56.770676718433549	-31.3868277089952	55.478637558031906
48.828125	-51.11717128571582	52.497540352977659	-30.988032160598422	55.397798801334659	-31.12840663384517	54.088012610960135
50.78125	-50.743534621359743	53.452655044178925	-30.591872037110392	56.504278684740584	-30.734880388357819	55.115768154558822
51.7578125	-50.745101646363	53.242405793662819	-30.579139576867718	56.288064937267045	-30.723141022448818	54.901158945964212
53.7109375	-50.288006380485108	53.514155882989918	-30.089526696132964	56.716903254439821	-30.24032035465	55.2434213248998
55.6640625	-49.877573801135618	53.159421212787052	-29.639316277931222	56.477459135734527	-29.799179936267546	54.931458064826558
56.640625	-49.740358188658348	52.899888007353908	-29.482337792258193	56.240165705857578	-29.646115476580114	54.671003949357534
58.59375	-49.567617399418893	52.5622959348999	-29.274021140320837	55.895828433701581	-29.443247835802033	54.296059558962234
60.546875	-49.022925642144884	51.901851531957931	-28.67648613147071	55.344610603983739	-28.860327361656893	53.6449906593643
62.5	-48.415765976598948	51.577393032661817	-28.012968960484255	55.148441483252562	-28.212486094183046	53.321510577532422
64.453125	-48.215707009090451	51.277569558279751	-27.773265858806067	54.780715767123624	-27.980203069403657	52.912679315131044
66.40625	-47.895963089813876	48.685163951139678	-27.386187987806	52.013775429703408	-27.616318622249256	50.134466059112
68.359375	-47.355959039443633	47.90912063175481	-26.782192640340465	51.211345899452887	-27.033136423077011	49.223659376502439
70.3125	-47.190021275951139	46.913705104241551	-26.575493865815204	49.988731188198145	-26.838844712632749	47.991397437459817
72.265625	-46.616544365442451	46.76904460390989	-25.940173533371194	49.801515997521626	-26.224628904947259	47.663656932646717
75.1953125	-46.102061638713394	43.918997386998541	-25.34091155977308	46.4653849376645	-25.664718539268563	44.3011567244083
77.1484375	-45.706932262033973	43.708197306598336	-24.901745633515798	46.046993265216408	-25.244753940815375	43.791326629495273
80.078125	-45.214128451481528	42.24289940839261	-24.352527393650277	44.070870077932938	-24.729702435161673	41.758367182866657
82.03125	-44.749003627077059	41.663124815641645	-23.844054866023381	43.183034637143194	-24.249321795680487	40.778392783650631
84.9609375	-43.886537225512164	40.669738260516247	-22.906097692842632	41.673047902544482	-23.367267219378633	39.086923566112333
86.9140625	-43.461427052142433	39.536950105562539	-22.454965741978341	40.0763877491922	-22.951178438103021	37.449312624197354
89.84375	-42.596230132509447	40.065769598480507	-21.538545127431803	40.15522590769951	-22.088745208135144	37.248945736118465
92.7734375	-41.855316763851661	38.2911475535178	-20.780197215103051	37.590036755454427	-21.399319803360481	34.613665665264193
95.703125	-41.111324939255027	37.382362660648681	-20.04067141490507	35.995569499713675	-20.72610449545115	32.896711887425958
98.6328125	-40.268647660272308	36.830437566266333	-19.211710761754787	34.805864170969507	-19.973778441727504	31.52375216213661
101.5625	-39.500374820783712	34.475539060999587	-18.505467929395483	31.669382997020321	-19.355822092721134	28.427953901612817
105.46875	-38.304075545660879	31.028007804129402	-17.422811914756416	27.298868947341866	-18.416916547441446	24.144150327726003
108.3984375	-37.42895830777843	27.3782074033012	-16.681192938457276	23.118277011239492	-17.790479478898078	20.215802120218648
111.328125	-36.509849086072606	24.63110029279003	-15.902215154649898	20.199588900361803	-17.129424653497889	17.445331542770951
115.234375	-35.31445126324278	20.171104783023303	-14.919977603807999	16.036097624468464	-16.309919612576678	13.614806127786702
119.140625	-34.01165211576857	15.050336644222957	-13.819902917263658	11.907415482538868	-15.403958210385706	9.90027546139271
122.0703125	-33.120137964670164	10.553871146952767	-13.052245260848048	8.7396779827256772	-14.782390636900679	7.1520599400388631
125.9765625	-31.979659320454711	2.8856464878886339	-11.983092425660002	3.5932020652488257	-13.930201475675087	2.8709340955113141
129.8828125	-31.107764024841444	-5.7961006508498745	-10.995066128890407	-1.9362442706074829	-13.151965003822069	-1.5103682092034754
133.7890625	-30.50040113500387	-14.499976071208474	-10.031715288602694	-7.4435364811694864	-12.397371392281437	-5.6621490422084815
138.671875	-30.146976191884757	-26.367581252368986	-8.8522707980899717	-16.652451771417027	-11.457220689268322	-12.257931563599197
142.578125	-30.116575907807146	-33.833680849370253	-7.9918371131963966	-23.769501599357305	-10.752196408461581	-17.05715357609834
147.4609375	-30.33085854739446	-40.9917445140364	-7.1615001874671291	-33.2599968055164	-10.006950045893429	-23.280662262047116
151.3671875	-30.496096475857442	-44.829482603750591	-6.5797301722650712	-40.682269829077669	-9.4372334132669877	-27.977030044346034
156.25	-30.659841927290863	-47.948048703436669	-6.0242797144932005	-50.031290672182145	-8.7932278271110729	-33.861880101121656
161.1328125	-30.613709081912333	-50.595379482652405	-5.5153287935372273	-61.119649578084051	-8.0505417122008378	-40.8418546434508
166.015625	-30.202418389212919	-50.989674932719566	-4.7535063516135709	-70.883841450030715	-7.0926341795632331	-46.202278207666346
171.875	-29.866860978562691	-53.134323672254204	-5.0650102151869643	-84.837442858189448	-6.5632822891211786	-56.9451370813682
176.7578125	-29.248997807995856	-53.530382090059739	-5.2166361551736884	-94.207746441860081	-6.0814869816889132	-64.526850646902432
182.6171875	-28.115800034755317	-53.870500839607146	-5.4496989870112964	-104.50663892149774	-5.5255215237081865	-73.679398916715641
187.5	-26.852650034138218	-53.916184703659155	-5.6339268550378865	-111.58234659362309	-5.1214613334128467	-80.541162828756185
193.359375	-24.520182354452714	-54.453182938201138	-5.6953963403205679	-120.53081137950817	-4.3997687433752564	-89.263455959965953
200.1953125	-20.655367537055206	-58.564561494083861	-5.8401608190956287	-129.30297473079207	-3.7210554702744836	-99.026468245396345
206.0546875	-15.667962462827628	-76.92719835516489	-6.0981889986270037	-136.27649924019457	-3.3353423974231093	-108.191183331199
211.9140625	-12.313804900668892	-134.45308942391492	-6.203287770770646	-142.75502114630797	-2.8328960925081139	-116.85584800091884
218.75	-17.968944233149607	-177.91941665035833	-6.3000811183701213	-150.12691162053562	-2.2632453886676025	-127.55587715943724
225.5859375	-22.075051934233407	-185.22692629315316	-6.4325480035339329	-156.80866010934952	-1.8826324871559039	-138.32318006506725
232.421875	-24.52261529905353	-185.12030421145136	-6.5876687724627576	-163.03933146326611	-1.6843275803866911	-149.1354479836946
240.234375	-26.047447643390811	-183.25409244925959	-6.6526288649481122	-170.43228445710491	-1.413051920432449	-162.31164214237097
247.0703125	-26.628093801209324	-180.9327583847228	-6.6823403152615715	-177.03041513988148	-1.295337105958916	-174.47254377629932

Name	22: Id:1 Pos (without oversampling) (kp:10 Tn:0) 10
Record-Number	22
Axis-ID	1
Min Frequency [Hz]	1
Max Frequency [Hz]	247.5
Frequency Steps	200
Mode	Position (without oversampling)
Position Monitoring Window [mm]	50
Position Amplitude Scaling Mode	Autoscale
Position Base Amplitude [mm]	0
Position Signal Amplitude [mm]	10
Integral Time [s]	0
Proportional Gain	10
Check Drive Limitations	True
Dead Time [s]	0.008
Cycle Time [ms]	2
Oversampling	x1
Frequency	Process-Gain	Process-Phase	Open-Loop-Gain	Open-Loop-Phase	Close-Loop-Gain	Close-Loop-Phase
0.9765625	-0.695669711297479	-112.76040627606326	23.522874827483943	-130.30488110352465	0.37059640805477012	-3.041003820073378
1.953125	-9.93068716112757	-99.741095041225435	13.192447734087843	-105.33126340774074	0.30510868017439541	-12.634092382339515
2.9296875	-14.438087193267064	-91.106972885324268	8.3845859462992554	-93.161794192287275	-0.42592906926401342	-21.228406651790074
3.90625	-17.66841342417403	-85.668408470135276	4.9037269156107106	-86.11429214008993	-1.4624629148468749	-28.645716445428711
4.8828125	-20.42827757424191	-78.795177899753838	1.8671822431234084	-77.529370824941836	-3.0078905306648815	-33.850524991830511
5.859375	-22.758581004585608	-72.38345419412741	-0.70959277304826962	-69.910912085020129	-4.6581910091424836	-36.590148917180429
6.8359375	-24.7685923747527	-66.97810171505165	-2.9273955821683106	-63.788015299487824	-6.2320934364782135	-37.824908476935633
7.8125	-26.609765019920534	-61.505371607462692	-4.9668536463137967	-57.761601345829931	-7.8018984351811129	-37.61023046433462
8.7890625	-28.369147495569038	-55.672287710017628	-6.92557091934054	-51.491435627835706	-9.3905584160305917	-36.098393151296783
9.765625	-30.304417236108488	-48.232025707062078	-9.1084257921536622	-43.691131793547278	-11.229064806946731	-32.76061481391659
10.7421875	-32.217282261095058	-39.296019573964472	-11.267685450280766	-34.471521889026867	-13.101184243276784	-27.276714519915171
11.71875	-33.650893717274379	-31.1124426606904	-12.869559251807791	-26.046253251382495	-14.513102266325848	-21.309044916997788
12.6953125	-34.727982381816162	-25.171514763283987	-14.047201109734562	-19.98618346980243	-15.546678326531145	-16.71436943664845
13.671875	-35.679480730946423	-20.499950235063576	-15.071073445051335	-15.291085797788265	-16.442647973041495	-13.01466538151047
14.6484375	-36.581889923380615	-16.321578301816537	-16.035288437564681	-11.144155473139456	-17.288982931026364	-9.6309192169694828
15.625	-37.443881983703179	-11.902604468716159	-16.9595513250467	-6.7610085878310677	-18.105633548561642	-5.9220568529748441
16.6015625	-38.146771452459483	-7.8080318399875317	-17.71127708611672	-2.6598568694047651	-18.773026731589553	-2.3536231603511752
17.578125	-38.548816825261937	-4.8441059684144934	-18.132901190384146	0.41549618821932671	-19.148057745781962	0.36966507602971804
18.5546875	-38.667609580558661	-2.7959997616003864	-18.247035865303776	2.6986177237453339	-19.248762754256873	2.4044841809020294
19.53125	-38.757512161280346	-0.92269495102679677	-18.329757888689674	4.8104767340498862	-19.320489298400666	4.2908885591650563
20.5078125	-38.822287998853	0.76097445612098724	-18.384323680525018	6.7349129399760352	-19.366369549982618	6.0121024478876572
21.484375	-38.803729383455916	2.0010598846062919	-18.344878923797026	8.2514381217128339	-19.328261623918188	7.3629907611069214
22.4609375	-38.804911100283746	3.2669742128751311	-18.32670952103047	9.7772605695124231	-19.308537342406318	8.7235896664105645
23.4375	-38.77700756485995	4.450246932971357	-18.276589322231331	11.236500229069824	-19.259874835764606	10.020643326061998
24.4140625	-38.635120550551648	5.2605889043762808	-18.098796200595611	12.398991971888105	-19.09775517853911	11.033954091272008
25.390625	-38.524184159860305	6.0187927862712174	-17.95130639000152	13.482739419057717	-18.962760334804468	11.977261038928802
26.3671875	-38.463177468869659	6.7157518421269016	-17.854270080404994	14.455143115039087	-18.872872318669728	12.826521114537483
27.34375	-38.362386301595606	7.23298850497439	-17.7096761882276	15.271936836944054	-18.741191327844536	13.527131724516378
28.3203125	-38.330049272386447	7.8118350473760358	-17.638250812561843	16.082095925453391	-18.674393132860065	14.232909329425155
29.296875	-38.254606272049045	8.3296623857829672	-17.518008125624306	16.86544083304485	-18.564291134763987	14.903987007989935
30.2734375	-38.233466323550246	8.8844265224245085	-17.455996736220282	17.624136706859559	-18.505784745503423	15.563307957002472
31.25	-38.242821209020455	9.5597146583528065	-17.429378400177484	18.470777374441983	-18.478019227007238	16.307367778947551
32.2265625	-38.242299297886547	10.330770277331126	-17.394173823765861	19.423548422461895	-18.441877100704332	17.143212772023002
33.203125	-38.206554489932806	11.077463709973959	-17.319533669553618	20.3827805512768	-18.37051556474065	17.974726935659444
34.1796875	-38.180724651616771	11.636661719441436	-17.249984592813394	21.1173799235423	-18.304730428786058	18.607430752655752
35.15625	-38.151041965686488	12.007543346316595	-17.170134601346415	21.639476596599263	-18.230987976590363	19.048454875942792
36.1328125	-38.092961869225846	12.422220018136478	-17.059117166161855	22.234326289063493	-18.129216249344942	19.544233528838117
37.109375	-38.039663275939695	12.760350320082525	-16.949993686437288	22.727441233647582	-18.029754204115086	19.949112564127
38.0859375	-37.994860164130714	13.096342412365555	-16.849192431565349	23.19506787867584	-17.937810506526166	20.332487109559036
39.0625	-37.993775251253979	13.59362196907737	-16.801764034119262	23.773436659751312	-17.89210856844355	20.828038626644659
40.0390625	-37.996073420883008	13.939437533250828	-16.75326537732424	24.162341516251114	-17.846697428286205	21.155893560242912
41.015625	-37.931942838726918	14.04419587015466	-16.621076810343784	24.351375999471596	-17.72906780678219	21.281481169119111
41.9921875	-37.954753177803596	14.424237729458625	-16.596505301971106	24.719830271197488	-17.704815530513088	21.597623823175848
42.96875	-37.919260529468126	14.766158520974782	-16.503544693577211	25.109566148487254	-17.620289152681522	21.910238518280391
43.9453125	-37.82863708523184	14.806909020515629	-16.336071520584834	25.210492919246359	-17.472665183893007	21.944026695541229
44.921875	-37.769873101423272	14.885839346078244	-16.205846545263224	25.291423728435493	-17.358086318925686	21.9715963667966
45.8984375	-37.653374295181976	14.70216134065625	-15.9975500376025	25.122902202692096	-17.177570873754963	21.754416038290241
46.875	-37.569768419560262	14.661736679329174	-15.831525003556015	25.052804969045521	-17.033621429406598	21.636910516312579
47.8515625	-37.44495668461218	14.57823176566011	-15.612994887011116	24.966400822129817	-16.844686775784467	21.486579024126851
48.828125	-37.265377716263345	14.368717972829604	-15.320903464755972	24.780709299631955	-16.593781505603989	21.22375473002711
49.8046875	-37.14966940535021	14.2938872364367	-15.10947167326178	24.637149825237184	-16.413021328122717	21.025046400625691
50.78125	-36.9561409192657	13.905554151777709	-14.78770097110846	24.18677193575968	-16.141155585304322	20.523746874703363
51.7578125	-36.804373179966746	13.6592999120384	-14.520487449399663	23.814731530195715	-15.916620954417965	20.110146213158082
52.734375	-36.658179020188669	13.507972819592695	-14.26168043348981	23.519417046153265	-15.699709809609821	19.765489271969425
53.7109375	-36.526075515161907	13.319631307396527	-14.018435180836754	23.117549340573639	-15.497896153299632	19.337355452005681
54.6875	-36.366564612769238	13.155742188639135	-13.738580440596383	22.749407977521837	-15.266150391178817	18.925447840117631
55.6640625	-36.225534905667388	12.830948318743779	-13.476721766942974	22.094805689683586	-15.053149262929333	18.282959070535476
56.640625	-36.066484951992351	12.676670542545338	-13.195372350910691	21.651207328877739	-14.823442616570738	17.811930736989659
57.6171875	-35.946949920241835	12.429012332903868	-12.965271665005966	20.977054075265212	-14.6392292394818	17.172040244313852
58.59375	-35.791138149152864	12.132707802294284	-12.68373519276861	20.234983652451263	-14.414413502391008	16.46247582891904
59.5703125	-35.588398817370653	11.716055433865527	-12.331663692629748	19.324206726728367	-14.135129775458919	15.596974386489523
60.546875	-35.344581176987624	11.140717153778603	-11.914063960329068	18.159522306681712	-13.807445435235904	14.514252913376595
61.5234375	-35.119495074880071	10.655713239335004	-11.525177600776788	17.019842878653225	-13.505563377474017	13.475395812789378
62.5	-34.938202505312233	10.470090034616513	-11.21023479632775	16.208283078760541	-13.262299425672516	12.732277143938207
63.4765625	-34.764681981148442	10.301589860669889	-10.909596926759901	15.352835961096167	-13.032409722606586	11.967426426903176
64.453125	-34.600434302288591	10.208915747596684	-10.62793770154949	14.547411515384649	-12.818598657814777	11.255724771943749
65.4296875	-34.411469095369164	10.131802468781894	-10.31082207752773	13.726281929076825	-12.579111492135306	10.52988724224357
66.40625	-34.190316737615916	9.9707508375696445	-9.9437766534176824	12.722191391363634	-12.304707383924342	9.6605193959673574
67.3828125	-34.000346444269688	9.9205752365035131	-9.632544776746478	11.812115349475548	-12.074432883054547	8.8898909445497551
68.359375	-33.741997722249472	9.7438751462682216	-9.2110545798149381	10.638825617030381	-11.765244300494862	7.9079781514276482
69.3359375	-33.521638662987151	9.7065074887841334	-8.8582738566780339	9.60897183905784	-11.509399917879044	7.0661744556219812
70.3125	-33.28589142992395	9.73141616750224	-8.4843422191631639	8.6099078965315261	-11.24046993099256	6.2577781710326947
71.2890625	-33.063266300286038	9.823237795468863	-8.1386138039362468	7.6575719740023214	-10.994482522186523	5.50391987701791
72.265625	-32.800575042285274	9.7753510242555244	-7.7304639136772977	6.360963171514352	-10.707829268532018	4.5103552173403827
73.2421875	-32.574582160998304	9.85963438505324	-7.3939473389967922	5.2466868519719325	-10.474040453356455	3.6776603581652605
74.21875	-32.319162396428965	9.9664146194798473	-7.0124914274649406	4.0726510222414669	-10.211426346708755	2.81669369035485
75.1953125	-31.892985951663466	9.2705521070079779	-6.3533228067302039	1.0418288755274845	-9.7653354735090119	0.70336820533936839
76.171875	-31.49811573171019	8.77216465517029	-5.7630341052523733	-1.8105721980185863	-9.370592816437469	-1.1950803903874487
77.1484375	-31.13993225561542	8.5697507800100787	-5.2465636346399345	-4.2083215990958944	-9.0287844334115022	-2.7212636190862645
78.125	-30.904507190969614	8.7181836638796639	-4.961297911663606	-5.6787713473314643	-8.8409224044544814	-3.6295466582249745
79.1015625	-30.631613773132052	8.91537287686939	-4.6174010154158207	-7.221648896667678	-8.61648574237732	-4.5497563335680518
80.078125	-30.325296308200521	9.0846839633846219	-4.2300269874304313	-9.0023438743614612	-8.3653145577764576	-5.5781364721215283
81.0546875	-29.998597629691993	9.2980924709215582	-3.8195425638813321	-10.855796113158071	-8.1014531224338242	-6.6058267328068858
82.03125	-29.656596532234847	9.5003628400340361	-3.4031549972923503	-12.877173750060043	-7.8349030411835576	-7.6890936586671854
83.0078125	-29.319354427118441	9.6742279028290739	-3.0240482372834392	-14.99027825966021	-7.5912704336931718	-8.79405447535574
83.984375	-28.93368603796802	9.7249132181932012	-2.6002612076797682	-17.669906662663251	-7.3163130940615275	-10.157876087581176
84.9609375	-28.525452348431894	9.86597007045317	-2.1569656505158989	-20.396362155549433	-7.0296885498623949	-11.471235149846763
85.9375	-28.119633382989086	10.024317207211599	-1.7520603109959518	-23.128409394776803	-6.7644371137402786	-12.74247293484127
86.9140625	-27.703994505395798	10.199814219471488	-1.3655100726449343	-25.925852574208587	-6.5073514108017712	-13.997385041464515
87.890625	-27.293877668746319	10.3284410689995	-1.0364627864638059	-28.738254407452793	-6.2792326363703976	-15.243772904693813
88.8671875	-26.830201660039315	10.358912080892974	-0.68603847847989741	-32.112454100112629	-6.0253350311382494	-16.707082992561769
89.84375	-26.017014934704186	9.39984437910855	-0.13754125993353095	-40.090340906523075	-5.5468999321008194	-20.210683117969488
90.8203125	-25.5469190634346	9.3778809626000914	0.069154809222366984	-43.3161094305264	-5.350183659556599	-21.567481755071693
91.796875	-25.074800222725898	9.393697045893	0.24826520003338381	-46.2857358236994	-5.16881262990056	-22.792910821006558
92.7734375	-24.550517052031985	9.3372403834588518	0.42748247857481542	-49.58726049941297	-4.9700833620942539	-24.142502146246283
93.75	-23.988954584263887	9.28783612299512	0.6032317066206434	-52.946921336133094	-4.763345751489247	-25.483137280023694
94.7265625	-23.369852686643554	9.06606279466694	0.74566769734049976	-56.641677387352019	-4.550747917940833	-26.99650028976788
95.703125	-22.70724188948855	8.7164528593679478	0.85150082684721418	-60.389262140765361	-4.3423163006530991	-28.562188198318005
96.6796875	-22.029533252894314	8.2475664254116232	0.9134083252304086	-63.839438427207128	-4.1565476341873646	-30.045490420475584
97.65625	-21.304986032164386	7.6767808851257833	0.9594080736737175	-67.213962140744485	-3.9713458534341219	-31.507125926556842
98.6328125	-20.57593868630434	6.7632974216147943	0.94132453950660833	-70.189644049230438	-3.8261700783869292	-32.916414151156182
99.609375	-19.746253847049918	5.7567183584827291	0.94408133648651593	-73.377929994521452	-3.6507842948099252	-34.372502936699881
100.5859375	-18.800833496689819	4.3415093261021482	0.92111407518881872	-76.7958849015117	-3.4630672008002783	-35.993874624786152
101.5625	-17.766471899157942	2.5405399578098979	0.885888034329384	-80.105051091222691	-3.2752973468632667	-37.5998647273469
102.5390625	-16.615312017032856	0.10953932170502156	0.83100633525489231	-83.37592426676089	-3.086723889469396	-39.250333300503655
103.515625	-15.311178334309879	-3.4583663946471503	0.737263907954978	-86.680722292639729	-2.9008861960346257	-41.048252891476643
104.4921875	-13.924808281958798	-8.1692777049089287	0.64575130518868773	-89.634127518498289	-2.7269836528865046	-42.702731820157226
105.46875	-12.497082063549072	-14.894630131353704	0.5323013675402799	-92.256888686424915	-2.5781497328360405	-44.303437675863833
106.4453125	-10.861853868735166	-24.780891867790622	0.41285766007878094	-95.249299085570584	-2.3925686330016607	-46.132736433737058
107.421875	-9.5580052654632741	-38.196799235996025	0.28655812092082245	-97.686738003322361	-2.2461470745305179	-47.762332999611068
108.3984375	-8.7026351834924185	-54.68498368527581	0.19101164354728947	-100.06724303783012	-2.0816385700450821	-49.281998909285662
109.375	-8.5205070050204412	-75.172004432399945	0.080891960142537273	-103.10529595110557	-1.8533455003002783	-51.21660898516167
110.3515625	-9.5707701138312657	-91.096793788331226	-0.068297204819360219	-105.23247206779712	-1.7208606175263375	-52.91103094484555
111.328125	-10.925472549094899	-102.5032712895736	-0.20384144805910592	-107.22454286745607	-1.5889228985973842	-54.524463242611652
112.3046875	-12.324545592488626	-110.38913737629905	-0.34449608480837779	-109.11833075277991	-1.4644175513354054	-56.154950185426252
113.28125	-13.619424536141942	-116.60973932936999	-0.47724300545792514	-111.27821095311113	-1.3012986376783431	-57.939497515240042
114.2578125	-14.790551741166331	-121.07235382697863	-0.606748438479957	-113.38310258169864	-1.1352718283525345	-59.732986061473916
115.234375	-15.859767660794379	-124.41301552064937	-0.74586339911364308	-115.49086437171005	-0.96721755707138635	-61.635249365761894
116.2109375	-16.823363876592129	-126.70778532245902	-0.89342374984563455	-117.43493089122657	-0.81741904627657891	-63.551490074987825
117.1875	-17.6738339285604	-128.21224854347372	-1.0369184485510012	-119.17933865658088	-0.68536177760906636	-65.389665042536521
118.1640625	-18.435979335232705	-129.16252938970612	-1.1809869983604275	-120.75898026376296	-0.57160294044430249	-67.1877110788855
119.140625	-19.113562617584556	-129.8084468951144	-1.3161736074164712	-122.26439563262767	-0.4597180551764834	-68.942618555859411
120.1171875	-19.736263553108994	-130.35171739950988	-1.4548584422597055	-123.82046547799766	-0.34133648234428471	-70.8075806637655
121.09375	-20.297189123280972	-130.53489515927842	-1.5895429441654687	-125.17414466563969	-0.24678083562107114	-72.565345373093848
122.0703125	-20.805519877067038	-130.59419225375422	-1.7183898309944221	-126.48853870035636	-0.1530946313273176	-74.309627123973613
123.046875	-21.272899165053012	-130.57383061668529	-1.8465086582694559	-127.78892699577558	-0.060625298590349729	-76.088892296591425
124.0234375	-21.699339658129269	-130.47397439711574	-1.9699855882131492	-129.061116037368	0.03125266222710571	-77.867046873972143
125	-22.226821013868371	-131.56418540411335	-2.2268210138588769	-131.5641854040922	0.19914486389773339	-81.60684018729296
125.9765625	-22.452526353228777	-130.01212303713362	-2.2108157963130703	-131.45463109596506	0.19592803359332375	-81.40701691159272
126.953125	-22.786226315251682	-129.81452934482459	-2.3300373268818175	-132.72769489724683	0.28971105980886785	-83.3074265191067
127.9296875	-23.091512935192444	-129.39179657637453	-2.4434181088584941	-133.78488038031492	0.35374278907841883	-85.025154119421572
128.90625	-23.372895848527794	-128.94536076005326	-2.5545198089998848	-134.82968009661894	0.41610506627970278	-86.755741910871819
129.8828125	-23.629230123589842	-128.5096936695229	-2.6610395840540808	-135.90015782639259	0.48498709518835847	-88.5191121539833
130.859375	-23.869277212238995	-127.96458312494188	-2.7683866331697016	-136.85360326267198	0.532148640216318	-90.212077254832835
131.8359375	-24.088094129015246	-127.41242684090719	-2.87164680081097	-137.80646749818223	0.58083532229499613	-91.909799341270514
132.8125	-24.284027516747543	-126.91525997489858	-2.9700618680180426	-138.8337137211393	0.64417303403696491	-93.686594878081735
133.7890625	-24.464816411120029	-126.3597139300871	-3.0676944458428679	-139.79620242608891	0.69527462918176364	-95.425069116099934
134.765625	-24.626255487211655	-125.82684369244112	-3.1619262395939685	-140.79355024836354	0.75311494032510262	-97.213225752129347
135.7421875	-24.77588257868624	-125.23855832958905	-3.2570791180951368	-141.72194503282088	0.795664240391793	-98.9637639514926
136.71875	-24.909124740825302	-124.64163575714007	-3.3491837185367954	-142.64408787534731	0.83758619780995991	-100.7166361509353
137.6953125	-25.028078635447468	-123.9942023054289	-3.437481127547434	-143.50846841917397	0.87142184218654883	-102.4017254258948
138.671875	-25.131265755188792	-123.33196470083698	-3.5215245669243105	-144.36096900650773	0.90542079928982044	-104.06817680748892
139.6484375	-25.220675191851221	-122.70957954165343	-3.6068670699205541	-145.25846427671374	0.94180028348882949	-105.82804772382391
140.625	-25.29105922527015	-122.12642915177213	-3.6879589024053621	-146.21627711609673	0.98999406315773475	-107.66676255687891
141.6015625	-25.356706366880051	-121.44292383284085	-3.7698170141908323	-147.03588880464048	1.0111881024942482	-109.35287886812594
142.578125	-25.407162867627633	-120.79493552330777	-3.8506974805439107	-147.90022887048579	1.037167191533124	-111.11679956423652
143.5546875	-25.448276271608371	-120.10345664391826	-3.9302856791842182	-148.70418808396406	1.0514869483085743	-112.80894623732995
144.53125	-25.481966391523429	-119.34491664583344	-4.0076366946491113	-149.41727325967869	1.051014152720662	-114.37187229147311
145.5078125	-25.486305498486931	-118.64642330970776	-4.071546361052131	-150.25855337679	1.0868181627365279	-116.04977298130886
146.484375	-25.491844872260121	-117.90683578559454	-4.1439204110452135	-151.00379217510402	1.0916442482054811	-117.65945496435644
147.4609375	-25.483542068109156	-117.18154211164173	-4.2145978176545871	-151.76847301075304	1.0983215810149873	-119.30262353998751
148.4375	-25.464612171126497	-116.48663850618246	-4.2884941850719569	-152.55255451218528	1.0989329542169464	-121.01201433664393
149.4140625	-25.421800349641941	-115.8403668321447	-4.3557830524297385	-153.42924926607836	1.1193770170271702	-122.8435136368267
150.390625	-25.373888297824909	-115.14455020342233	-4.42368397493271	-154.22458076551882	1.1227320161837608	-124.56492275135263
151.3671875	-25.301294151062091	-114.49868668271989	-4.48578407489282	-155.11558829209963	1.1448570331132841	-126.42542057002835
152.34375	-25.228091552410508	-113.80844309399069	-4.5525556562410516	-155.90797887110077	1.140940896426506	-128.16512152990063
153.3203125	-25.141610212350159	-113.07799633987661	-4.61350801926508	-156.66686207189014	1.1382075884249587	-129.8247727026037
154.296875	-25.038758436825606	-112.36796452326084	-4.6732519360866913	-157.45451711008704	1.1372956248137	-131.53840568280876
155.2734375	-24.925781028127172	-111.66122547638408	-4.7348394891776664	-158.22487570728603	1.1266695607876129	-133.24223030795886
156.25	-24.8073883561151	-110.99513310222633	-4.8055324531535311	-158.97735872366192	1.0931470598299311	-134.97030714132535
157.2265625	-24.65578168626428	-110.24690103826435	-4.8532268217526555	-159.76398962581041	1.1009703852103141	-136.64571644196883
158.203125	-24.49452503455997	-109.5334453082048	-4.9074811332102044	-160.54529663677292	1.0921216409819621	-138.35489316526582
159.1796875	-24.316296354504331	-108.84572063992955	-4.9628810662545177	-161.34536763475904	1.0789217207206399	-140.11197526744559
160.15625	-24.124356131106886	-108.16931113942408	-5.0199753118973955	-162.13464992458663	1.0568374196579957	-141.86285981674615
161.1328125	-23.912632310494597	-107.50083771306481	-5.0754190362883786	-162.93582746410402	1.0345437090312442	-143.63305629623198
162.109375	-23.674962686363013	-106.80653059035689	-5.12333707091599	-163.7566261712777	1.0239985597847687	-145.41289097028479
163.0859375	-23.425715472734293	-106.10862561943898	-5.1735670712615747	-164.53644945398909	1.0005897231181928	-147.12816195578665
164.0625	-23.143203217046242	-105.41559170447931	-5.2181237979016988	-165.37314767473958	0.98895379281635742	-148.93529275618147
165.0390625	-22.843685460913338	-104.69379985358106	-5.2612009423590322	-166.17251938070748	0.97243670354004652	-150.66814727114351
166.015625	-22.524383713440876	-103.98368500326436	-5.3060990894657927	-166.95709425908825	0.94679613343437352	-152.38064639991634
166.9921875	-22.184438145424206	-103.28705576052687	-5.3528250619607576	-167.72346919828064	0.91190023316188773	-154.0630247287742
167.96875	-21.827813707629073	-102.6187638551868	-5.4038390313879061	-168.45202852750913	0.86167930396842729	-155.6803544161682
168.9453125	-21.427749746997794	-101.95665284021652	-5.4500837923779955	-169.23300754151393	0.82064501176488136	-157.38439719876322
169.921875	-20.967810463385145	-101.27871377413717	-5.4878423488087513	-170.10409751215215	0.7979355592896169	-159.24499483239146
170.8984375	-20.500561930641332	-100.65071260372167	-5.5352468522062246	-170.86945302229694	0.74502869215856971	-160.91318972161048
171.875	-19.943495295539758	-99.8738891146934	-5.5614917922886233	-171.76579135145764	0.7377114789524577	-162.79590524810718
172.8515625	-19.328741240737703	-99.263906865714091	-5.5996823401443905	-172.70333995690541	0.70278085840864168	-164.78797544839438
173.828125	-18.690248115986041	-98.597924085105689	-5.6379720417657762	-173.52049367152995	0.65755783122240052	-166.52896678942736
174.8046875	-17.9538470653952	-97.79304682329736	-5.6637015480479738	-174.40560691551752	0.63616570188743782	-168.38457952546935
175.78125	-17.161611919635057	-97.023018953678957	-5.6946242606581565	-175.22780739430232	0.597588172101995	-170.11485581605228
176.7578125	-16.286325661914336	-96.296683979908991	-5.7286884165578069	-176.02482020939985	0.54788592239741263	-171.79036034015857
177.734375	-15.247145028874169	-95.547487500736338	-5.7590155627929125	-176.91429994941447	0.50375944583737908	-173.64415100446476
178.7109375	-14.074277366034238	-94.6890992726468	-5.7864546544860929	-177.75550001382433	0.460329877308316	-175.38877102844108
179.6875	-12.747442454178124	-93.671688321379747	-5.8109903347180225	-178.52340214148055	0.41819817328729847	-176.97395414854071
180.6640625	-11.037533227862662	-92.40909146979908	-5.8301147338366031	-179.43936304196652	0.38435265927020912	-178.8533598279173
182.6171875	-6.0520148605549782	-89.367496490525468	-5.8816905400553292	-181.23049702600505	0.275873354820528	-182.50070965405212
186.5234375	-1.6140275502251353	81.52469294449287	-5.9690828411793948	-184.85227045256235	0.040418754007881405	-189.72722762924229
190.4296875	-12.925084629383951	89.328226175541928	-6.0464300753701972	-188.48808364244979	-0.23619732807398267	-196.74684631901806
194.3359375	-17.563969123850683	-267.46685218987807	-6.10119367149208	-191.9451529694085	-0.51174840073732453	-203.19765351311278
199.21875	-21.257076443894139	-264.34847546236369	-6.16748197721035	-196.99468370451743	-0.95877465155770358	-212.167826123596
203.125	-23.341505533699564	-262.7883384057825	-6.1711610976595832	-201.64025639050962	-1.3290695067842533	-220.08889647595817
208.0078125	-25.268284654854959	-260.84064704548786	-6.2012876050743246	-207.81803437397753	-1.9251980810542744	-229.77383988430785
211.9140625	-26.420026425130288	-259.82364537344773	-6.19823415207735	-213.2630174388955	-2.4384327445201124	-237.73386215490751
216.796875	-27.513666335292136	-259.62234231300181	-6.1560442521992931	-221.31209886969285	-3.1701754754890681	-248.58893479728567
221.6796875	-28.25441662979075	-260.619428755405	-6.09332962592098	-230.79385904452931	-4.0102825960826509	-260.02511121099252
226.5625	-28.643613968310941	-263.34057699019576	-5.9931501993345009	-242.16140330219463	-4.93145881426356	-272.24076667247778
231.4453125	-28.662958987720693	-268.93566799400304	-5.8490108588661354	-256.5930791910709	-5.9502447021413305	-285.95532268634156
237.3046875	-28.125091396253282	78.237723587659559	-5.6946302388057459	-279.64328824404311	-7.288515693653145	-304.85628092068833
242.1875	-27.139301855566885	58.448720470077774	-5.637774831893295	-305.60765005039013	-8.3828275819074616	-323.64967282985117
247.0703125	-26.114650506836455	25.815908795191717	-5.8108933258567452	-337.92488752508859	-9.258166456637289	-345.36220877726225

Name	23: Id:1 Pos (without oversampling) (kp:10 Tn:0) 20
Record-Number	23
Axis-ID	1
Min Frequency [Hz]	1
Max Frequency [Hz]	247.5
Frequency Steps	50
Mode	Position (without oversampling)
Position Monitoring Window [mm]	50
Position Amplitude Scaling Mode	Autoscale
Position Base Amplitude [mm]	0
Position Signal Amplitude [mm]	20
Integral Time [s]	0
Proportional Gain	10
Check Drive Limitations	True
Dead Time [s]	0.008
Cycle Time [ms]	2
Oversampling	x1
Frequency	Process-Gain	Process-Phase	Open-Loop-Gain	Open-Loop-Phase	Close-Loop-Gain	Close-Loop-Phase
0.9765625	2.0254901132161658	-109.04947015132801	28.547039960544012	-136.36471822358376	0.23517549248523584	-1.5186947193458658
1.953125	-6.9739926065179612	-98.319080849177553	17.834104182018216	-106.80976446865706	0.25835240824196859	-7.270019538032785
2.9296875	-11.042540984102038	-92.182825876229955	13.515076503364865	-96.642200825350926	0.018691314667563734	-12.123388415906735
3.90625	-13.760731604936575	-87.6233006381305	10.690512501104495	-89.802946558146431	-0.36352933003112631	-16.265489129071625
4.8828125	-15.896302391994102	-83.073773865147714	8.4352707556537574	-83.141678697715207	-0.912473113482986	-19.782444528763531
5.859375	-17.545567007234471	-79.875588673357271	6.733788720843485	-78.800870162324358	-1.4334235057925189	-22.524616158453135
6.8359375	-18.932030692224686	-77.270003359791644	5.3026146522004511	-75.453306121925635	-1.9527857326520128	-24.824246681893534
7.8125	-20.197809412038755	-73.91526370606428	3.9432321659241163	-70.947161364168281	-2.595904411213334	-26.437445202170295
8.7890625	-21.219085190471215	-70.672558845606275	2.886558454872779	-66.602602942741811	-3.1891896988913224	-27.128136511327931
9.765625	-22.06926754466474	-67.445776200381616	2.0295394351865341	-62.244868447800641	-3.736467347147574	-27.105752828474284
10.7421875	-22.796537108834187	-64.6033604426935	1.3167832404654263	-58.4597023015841	-4.2118927278531135	-26.80573571283627
11.71875	-23.400162028051561	-62.21619140025129	0.765189374507558	-55.324727113565693	-4.5944612405943328	-26.340565818930944
12.6953125	-23.913271646187894	-60.111632146295982	0.32817982063880874	-52.579296060260511	-4.9100878559369576	-25.755012082357609
13.671875	-24.360818577555143	-58.391346732964294	-0.022354012030768949	-50.41166842874609	-5.1626809899201964	-25.240537233001096
14.6484375	-24.780433639038371	-56.75157510111913	-0.35171442910685236	-48.383099189971226	-5.4002126990033279	-24.712595710964926
15.625	-25.150803638217962	-55.175348300715058	-0.62162866340924516	-46.427583442630805	-5.6046889211523485	-24.092675306122995
16.6015625	-25.496185425877187	-53.7232526122756	-0.86634090116602658	-44.681796247327085	-5.7886462644883334	-23.514039649399187
18.5546875	-26.099524495630405	-51.159769544349778	-1.2488277073797751	-41.74754908040692	-6.0810458409857571	-22.441376815309688
20.5078125	-26.660854531912719	-48.547766247000609	-1.6253324391057045	-38.825197031147418	-6.36753098906989	-21.295548535427486
21.484375	-26.868613798097311	-47.622307984390417	-1.688514573634021	-37.956012023395481	-6.42519119912711	-20.886486961559847
23.4375	-27.311771110615013	-45.455886322409924	-1.9141862428709133	-35.8461231267236	-6.603693460676995	-19.955959212198014
25.390625	-27.718875535411829	-43.295198625948814	-2.1201918809742408	-33.835255903269093	-6.766883294971012	-19.033104964565641
27.34375	-28.2653134862427	-39.999620442477863	-2.6898711908444768	-30.116292784464154	-7.1731683387786846	-17.424738915544495
30.2734375	-28.5667270711153	-37.633189326442263	-2.5094476178937581	-28.567857682711864	-7.0986630655450123	-16.375691405165011
32.2265625	-28.813075397076318	-35.5933643756965	-2.5371850593768248	-26.935510624836354	-7.1445430088338568	-15.456866424698282
35.15625	-29.07331057319481	-33.160509041438289	-2.3852511679162065	-25.854434724064227	-7.0761234090298313	-14.721098882446277
38.0859375	-29.243673752536044	-30.879309636467788	-2.1020516013907486	-25.385727073341187	-6.9233503411481392	-14.246419349161455
41.9921875	-29.348019329227782	-28.5400012079326	-1.540569986220921	-27.095322749123152	-6.581860351059925	-14.768618050746413
44.921875	-29.348559789775059	-26.786329946926156	-1.0412679721125786	-29.150357835539566	-6.2737567096662019	-15.46702394385397
48.828125	-29.25476891805847	-24.538551475472367	-0.32576179251305215	-33.361570538406987	-5.81171904094692	-17.002696142547844
52.734375	-29.048025561955047	-22.251821722754954	0.40351698473625325	-39.079390326918023	-5.3062772011445292	-19.06746217296206
57.6171875	-28.620330318101793	-19.325293007536029	1.2273711639038525	-48.45605484391151	-4.6320790621063166	-22.409981386241856
62.5	-28.00826377195796	-16.104702637713842	1.8101013600382434	-59.209222471944678	-3.9626468395069443	-26.228625393934362
67.3828125	-27.170427508647382	-12.86189090742668	2.008560557663345	-71.197426392924811	-3.3066686820668449	-30.887816697628878
73.2421875	-25.824121151146585	-8.783701719074827	1.7651471971455612	-84.754770036247479	-2.5893173703439625	-37.098730820536773
79.1015625	-23.98377182025434	-4.381997325455508	1.2400367421312251	-96.241050212069979	-1.939922391801524	-43.576253192625657
85.9375	-20.696474206495015	1.0910588440039888	0.43114537224355676	-108.33841644380722	-1.1617856418976564	-52.200956024837517
93.75	-13.816367735236453	7.6869694595147919	-0.5573353730403281	-118.80171726784295	-0.45133378674361269	-62.505099973691337
101.5625	-0.40093179947922519	-158.54902695581461	-1.573677785821805	-126.60807118503918	-0.030866399992076347	-73.4888607077892
110.3515625	-17.004960698487363	-160.70875998823087	-2.2545392816040914	-135.68911505306792	0.83384427582049614	-85.430631049293041
119.140625	-21.811280334278973	-153.03983842508165	-3.0587114788278291	-143.35604974686723	1.3058140736385333	-99.435218236193279
129.8828125	-24.36735462271815	-143.81287695225126	-3.8005471713359134	-151.74694021823552	1.7368857316581789	-116.42627455839977
140.625	-25.092622299284095	-134.49776626488682	-4.3792979490469692	-159.68157651156258	1.9661462229040352	-133.86794636756437
152.34375	-24.179197587805348	-124.44006721835189	-4.88991109725894	-168.38393575648573	1.9159721608328093	-153.84443391912231
165.0390625	-20.396035803821029	-112.78672429066492	-5.2676971439074034	-178.09472189143403	1.5646711379410565	-175.81318932972044
178.7109375	-3.2466154116189627	-61.999142038219588	-5.3902247562604488	-189.25825779236874	1.0344789326236037	-199.6998865039086
194.3359375	-20.866962352596062	74.543874261804547	-5.1094565694299865	-203.8485605423887	0.2280294195113049	-228.37264730346732
210.9375	-26.193703254013812	84.128801994961165	-4.1509860453378149	-223.28379520632575	-0.97878056494420562	-261.05771982665129
228.515625	-26.134256714683286	84.273390688816946	-1.4401334899882834	-253.9461829212245	-2.4064347031543614	-300.70320935926
247.0703125	-16.279860716990633	36.3743422958929	4.9283461923583785	-334.98966806226116	-3.7091152045623583	-351.00186670000522
EOF
