Name	33: Id:1 Vel_NC (kp:3800 Tn:15)
Record-Number	33
Axis-ID	1
Min Frequency [Hz]	1
Max Frequency [Hz]	247.5
Frequency Steps	50
Mode	Velocity NC (without oversampling)
Position Monitoring Window [mm]	50
Velocity Amplitude Scaling Mode	1/ 10 at 1000Hz
Velocity Base Amplitude [mm/s]	10
Velocity Signal Amplitude [mm/s]	20
Integral Time [s]	15
Proportional Gain	3800
Check Drive Limitations	True
Dead Time [s]	0.008
Cycle Time [ms]	2
Oversampling	x1
Frequency	Process-Gain	Process-Phase	Open-Loop-Gain	Open-Loop-Phase	Close-Loop-Gain	Close-Loop-Phase
0.9765625	-54.052714278665512	-80.804472588994372	21.542278656016197	-77.359659910758538	-0.1855763022331072	-4.5871003627631657
1.953125	-62.326932638718851	-95.657333347397753	12.130444537592817	-99.439541005078979	0.087457281743777843	-14.274283579330314
2.9296875	-66.136368365087819	-92.869950743889532	8.2266983066889274	-95.838769438186418	-0.29998958539473664	-21.884734925147438
3.90625	-68.855895764919438	-90.970055739090412	5.4289297982832956	-93.593108871046368	-0.8614623416733751	-28.930963389878514
4.8828125	-70.90574761102809	-89.498458225806019	3.3370890010040006	-92.0104221071495	-1.5105623749688153	-34.885577849832657
5.859375	-72.528280944726347	-88.4880401779616	1.6941180656650292	-91.093303366599258	-2.1632434759808823	-39.88790078428918
6.8359375	-73.8733190374964	-87.770646937476442	0.33664705007261048	-90.59032898005583	-2.8002940157338383	-44.17361613406846
7.8125	-75.00345139142398	-87.195207142242509	-0.79612050202184048	-90.297420543289874	-3.4040693346208108	-47.784441740442482
8.7890625	-75.970428126791049	-86.833360367700053	-1.7606250771908782	-90.308747324954169	-3.9562369815480469	-50.952875663683216
9.765625	-76.819885154736468	-86.6285501161686	-2.6084685906065137	-90.540980674602778	-4.4680963011538219	-53.82652509549424
10.7421875	-77.565629813178788	-86.497382800396721	-3.3505871805691649	-90.886662663803634	-4.9380555834888753	-56.394170225433093
11.71875	-78.239347405063469	-86.447386677637468	-4.0249598705445688	-91.345796020131118	-5.3803344748477677	-58.791365370005437
12.6953125	-78.842739829384612	-86.47768586461379	-4.6303532337473232	-91.923782701772879	-5.786208206729917	-61.034092244257053
13.671875	-79.3965864987849	-86.51352674657177	-5.1905634658334616	-92.50992735521676	-6.1751601395411857	-63.122650743423776
14.6484375	-79.904788745786917	-86.622132741765782	-5.7100024376859935	-93.195542217305459	-6.5405869119377682	-65.1474034417645
15.625	-80.372188193773155	-86.705691388858909	-6.19119680427919	-93.848955106885768	-6.8899087617391626	-67.017926324348636
16.6015625	-80.806873039290878	-86.843352366197252	-6.6453893582941372	-94.570844863439774	-7.2233466660575356	-68.851740046774722
18.5546875	-81.595371127648576	-87.131436587913015	-7.4872114257981739	-96.008440597336019	-7.8612379071905689	-72.286648809604273
20.5078125	-82.283257580191062	-87.437701603544141	-8.24332659366428	-97.443342120644672	-8.4533866100191766	-75.439069891212313
21.484375	-82.590720833445957	-87.5753680449463	-8.588252262248993	-98.134564119040633	-8.72978815938111	-76.890461860387134
23.4375	-83.158388739447417	-87.968618817240227	-9.2478851191304283	-99.624295341805365	-9.2635170021621249	-79.7860526851139
25.390625	-83.659556893628022	-88.365107675825911	-9.8538326080653711	-101.06836642532809	-9.76584275834983	-82.4764404243481
27.34375	-84.11798201147559	-88.816989847439373	-10.434812842380685	-102.49426172345613	-10.259005280657497	-85.056576637059891
30.2734375	-84.681609478378974	-89.5213969685578	-11.196217046461797	-104.60005947093266	-10.913666210366888	-88.610521358556042
32.2265625	-85.007798189433885	-90.083410705612522	-11.671886014900608	-106.01172077621136	-11.329263049240812	-90.892565563485277
35.15625	-85.419505748036073	-91.021690984116546	-12.327053060198782	-108.09752861702269	-11.909008192123851	-94.135636027969127
38.0859375	-85.756249424176772	-92.1102983045985	-12.930313753340432	-110.14769819224783	-12.450802289190293	-97.210026033280087
41.9921875	-86.095741029509782	-93.898363831139164	-13.658669853441916	-112.91591193739987	-13.110672470108867	-101.16877548007939
44.921875	-86.282743381883179	-95.458676820476555	-14.15514426300418	-114.94217538474705	-13.565838780363888	-103.97829745987718
48.828125	-86.465976189813674	-97.936706862655655	-14.769711970748293	-117.62294364485641	-14.134920977884615	-107.59904115539197
52.734375	-86.585650254558971	-100.96198044676575	-15.332000059805198	-120.33758898151846	-14.658729048022941	-111.15233416786461
57.6171875	-86.6852922897683	-105.45584792875904	-15.968852385130852	-123.66443090966281	-15.257716232511445	-115.40364127403274
62.5	-86.769432152870365	-110.83435662252022	-16.539268939472752	-127.00840164393279	-15.796883925701536	-119.5644847056323
67.3828125	-86.893672709788291	-117.05503993052538	-17.054753517017033	-130.40352751754091	-16.285852908309074	-123.69710187212779
73.2421875	-87.147038530152543	-125.13645288339958	-17.594117897988369	-134.42945444984093	-16.799068924363134	-128.50415280666766
79.1015625	-87.550575864032552	-133.66736635781581	-18.058720459142549	-138.67676919988992	-17.238081667318152	-133.47007779055605
85.9375	-88.224954039767809	-143.32946934680189	-18.531396696277934	-143.90948187572718	-17.683463038630464	-139.4984514687041
93.75	-89.192356588077388	-152.85833464344427	-19.025719285887892	-150.08228653011827	-18.156382329516234	-146.54665440535655
101.5625	-90.218117338817407	-160.84054148420842	-19.50213044978333	-156.77588037899864	-18.622107578327871	-154.12719455609437
110.3515625	-91.225511710137269	-167.81499570383468	-19.995824343116798	-164.36787821556706	-19.119717312986065	-162.65906314123825
119.140625	-92.001906362353054	-173.78442453243522	-20.470102544534122	-172.24730356591454	-19.614817527327681	-171.43932423558041
129.8828125	-92.557036825194146	-181.60647795849275	-20.991368869286649	-182.84738188372697	-20.180851786388043	-183.12613906422104
140.625	-92.840690461775225	-190.28234840133075	-21.563461580511941	-193.36633988468233	-20.829190331882504	-194.57037328435277
152.34375	-92.941935129860838	-202.61354528266676	-22.150833395402231	-205.28223719307323	-21.52058512453808	-207.33667592930749
165.0390625	-93.177569358164291	-219.76831700459317	-22.717968676946597	-218.85537083264137	-22.218934786373254	-221.64060345868978
178.7109375	-94.58778567450247	-241.00166740290484	-23.793948389556768	-235.59787682638728	-23.484215022904877	-238.76478675641891
194.3359375	-96.949228331914782	-260.17971425314124	-25.401470524091746	-254.10743449409827	-25.284725134875671	-257.10769653999381
210.9375	-99.628736285812892	-277.04407965358138	-27.661693677569296	-274.058026878254	-27.694452972430703	-276.4154217434243
228.515625	-103.55028406544204	-290.45861098592917	-31.729492000840771	-290.18149283635466	-31.809322087272506	-291.56245319956071
247.0703125	-110.53329353629377	-274.65099309405713	-38.922587840843654	-274.65178332661441	-38.931110569804943	-275.29765073400495

Name	24: Id:1 Vel_NC (kp:586 Tn:15)
Record-Number	24
Axis-ID	1
Min Frequency [Hz]	1
Max Frequency [Hz]	247.5
Frequency Steps	50
Mode	Velocity NC (without oversampling)
Position Monitoring Window [mm]	50
Velocity Amplitude Scaling Mode	1/ 10 at 1000Hz
Velocity Base Amplitude [mm/s]	10
Velocity Signal Amplitude [mm/s]	20
Integral Time [s]	15
Proportional Gain	586
Check Drive Limitations	True
Dead Time [s]	0.008
Cycle Time [ms]	2
Oversampling	x1
Frequency	Process-Gain	Process-Phase	Open-Loop-Gain	Open-Loop-Phase	Close-Loop-Gain	Close-Loop-Phase
0.9765625	-48.058609006750835	-84.063166102502478	8.3958115393802686	-83.922190789396439	-0.88217760073617657	-19.980841836162256
1.953125	-54.196166410448541	-98.082515505691319	2.1725657984730935	-99.7970539003414	-1.2754913250724771	-41.494452557251314
2.9296875	-55.526806605931256	-94.4316694559535	1.1650593055545813	-96.123740474198371	-1.9814395831653628	-43.7992231047638
3.90625	-58.561653517192418	-84.486372308459522	-1.9376726971693197	-84.683770899992709	-4.4621516298770718	-48.121938605014314
4.8828125	-59.527374578266759	-77.758185865530891	-2.7490698100185345	-76.976418086532149	-5.4428554375059077	-45.601039908383633
5.859375	-61.03317220597944	-79.566930084180285	-4.236452277708401	-79.329787219695135	-6.2895453145544149	-50.880959791272652
6.8359375	-61.909516356911816	-85.227406086045193	-5.0359542107173008	-86.303049698189255	-6.4530840839661519	-57.961674065850325
7.8125	-63.0194494287551	-82.458422369394938	-6.13514342361849	-83.26461983455853	-7.4681049845775007	-58.409400916246788
8.7890625	-64.03110025347172	-81.6668753182368	-7.1489599277335056	-82.580281258767016	-8.3090689582160984	-60.186283090016339
9.765625	-64.619576986954584	-84.35744051743707	-7.6934688652304315	-86.113579504418553	-8.5783202328429677	-64.298807732968172
10.7421875	-65.11138498126455	-86.79146936014709	-8.1476566436820335	-89.400555637391392	-8.7974039433688738	-68.105753161739628
11.71875	-65.899173445540058	-86.8147271634968	-8.9580468186423463	-89.68482670406253	-9.492814823589006	-70.097841411597585
12.6953125	-66.652390122206157	-87.840163251948482	-9.7502602978781052	-91.147428820826917	-10.136003452798034	-73.0127056325172
13.671875	-67.119710795252686	-88.684745517827054	-10.213120572028656	-92.495092002317733	-10.500237117324874	-75.1427422151978
14.6484375	-67.558429933982168	-88.987143476281588	-10.64721352666384	-93.196649847706837	-10.873226350510938	-76.60569900607787
15.625	-68.111254773961861	-89.901500238730037	-11.235800763478911	-94.536631954976968	-11.371942317245828	-78.921253582272371
16.6015625	-68.623543732000357	-90.70663496933571	-11.784089280420025	-95.73672869531012	-11.84802870273705	-81.002131711415657
18.5546875	-69.485000674166173	-91.261549816959089	-12.694058702016598	-96.9146899349088	-12.685101510770068	-83.591191150152866
20.5078125	-70.280498909775815	-92.587535346547782	-13.565663301984483	-98.933998955501821	-13.472819949969033	-86.844511805616136
21.484375	-70.6444538431682	-92.993237210736837	-13.965356901064297	-99.628241560843591	-13.84701823401176	-88.0789418873487
23.4375	-71.331156020853129	-93.276381610994463	-14.7187669663011	-100.36597071557905	-14.575893601431991	-89.781870453194813
25.390625	-71.939933054922264	-94.1432625222713	-15.409689105456623	-101.74465879603741	-15.231123060293346	-91.983970965855747
27.34375	-72.555596486887865	-94.593034195347542	-16.110182620964835	-102.54154432652369	-15.91715097172658	-93.555708602430784
30.2734375	-73.2373703010672	-95.417355108287992	-16.910466583216582	-103.98361604191345	-16.694073150589826	-95.821099372994041
32.2265625	-73.709394517264712	-95.83201619085763	-17.469169158914838	-104.66806843896121	-17.247021378976378	-97.035566528606935
35.15625	-74.270129882484014	-96.763182317025354	-18.164237863827744	-106.03971610785936	-17.927713479034544	-99.032016507234928
38.0859375	-74.756704645108812	-97.594297377400565	-18.786467515345706	-107.20706926189752	-18.541645243820227	-100.71949823076291
41.9921875	-75.313712744733451	-98.927185818496184	-19.533969169894522	-108.83849352076146	-19.279053049493793	-102.9361013758909
44.921875	-75.645947950755669	-100.10060748686686	-20.013523776062989	-110.14603138449407	-19.750311881229763	-104.60147991123881
48.828125	-76.027925553733439	-101.83210546765301	-20.594098352020115	-111.87709894611874	-20.321332109517549	-106.74638641304963
52.734375	-76.30061283589518	-103.86198792583451	-21.066858703549535	-113.75287250101846	-20.782282531606864	-108.95470314552759
57.6171875	-76.584996240453108	-106.8569522441896	-21.595117809330887	-116.23454110180674	-21.295558764015887	-111.80288141062509
62.5	-76.758449728142367	-110.47250226399325	-21.999743225956685	-119.04068942967415	-21.680785773112635	-114.90918783788321
67.3828125	-76.915376687814856	-114.7276034474053	-22.356753572346328	-122.12803572732165	-22.016879453629986	-118.27841443737132
73.2421875	-77.127337327117	-120.76139030710509	-22.744325684276912	-126.34731252402131	-22.376970779317375	-122.83511569181452
79.1015625	-77.318912415910077	-127.69678885133236	-23.025668689562153	-131.22195167518382	-22.625395965376857	-128.03490454242532
85.9375	-77.698719968720582	-136.06218771306797	-23.365110156514632	-137.21188903816287	-22.931484788886142	-134.43362701171279
93.75	-78.288669603512318	-145.42417897108237	-23.753343001285682	-144.47765525213089	-23.288762992523825	-142.19736293271842
101.5625	-78.926091928219975	-154.0852384540031	-24.108400331864249	-152.08606059674588	-23.620593017221708	-150.31781682412048
110.3515625	-79.570318306000019	-162.29579382483553	-24.454593539216354	-160.37531844028757	-23.952322100113328	-159.15437862384161
119.140625	-80.079431573801145	-171.43852855001865	-24.765198850144714	-170.51358785567493	-24.256014351321255	-169.93506222316506
129.8828125	-80.644657553258583	-182.52331369483466	-25.306063987291267	-183.27785433570034	-24.822112519122776	-183.4658933113958
140.625	-81.106674742639242	-194.71027292098287	-25.957233424205143	-196.47264286454003	-25.528223332321048	-197.33238637513071
152.34375	-81.669179154034168	-209.59940721747387	-26.796263151835515	-210.79474114001178	-26.450768158561289	-212.19068076261345
165.0390625	-82.585997438386869	-227.03405124532156	-27.825555458995588	-226.03887939752303	-27.581058016240583	-227.762150865922
178.7109375	-84.2130025105725	-245.69219232646657	-29.22725643184701	-242.60457429747908	-29.092223803581824	-244.39074280099916
194.3359375	-86.6188006392214	-264.95341321295632	-31.233641829969898	-261.8665424890437	-31.203088488962649	-263.42836398887937
210.9375	-89.84227617569627	-281.01325757692086	-34.291893643196055	-279.70892390622214	-34.3216689222199	-280.79484908947143
228.515625	-93.940308525229369	-289.85948309164206	-38.477993432435433	-289.72513230183097	-38.513395352020282	-290.36516237124033
247.0703125	-97.5178915077293	-273.55485721185835	-42.149388545754377	-273.55416673442096	-42.153855185592406	-274.00043720873072

Name	25: Id:1 Vel_NC (kp:879 Tn:15)
Record-Number	25
Axis-ID	1
Min Frequency [Hz]	1
Max Frequency [Hz]	247.5
Frequency Steps	50
Mode	Velocity NC (without oversampling)
Position Monitoring Window [mm]	50
Velocity Amplitude Scaling Mode	1/ 10 at 1000Hz
Velocity Base Amplitude [mm/s]	10
Velocity Signal Amplitude [mm/s]	20
Integral Time [s]	15
Proportional Gain	879
Check Drive Limitations	True
Dead Time [s]	0.008
Cycle Time [ms]	2
Oversampling	x1
Frequency	Process-Gain	Process-Phase	Open-Loop-Gain	Open-Loop-Phase	Close-Loop-Gain	Close-Loop-Phase
0.9765625	-46.08094533134603	-90.330166556316627	14.929850132908582	-91.67056564854785	-0.093171422533048748	-10.211475567083147
1.953125	-55.126711698552164	-99.024155650859512	5.1369033520483587	-101.47331206189277	-0.35910151899577825	-31.366828861575222
2.9296875	-58.40624294390458	-94.00922771306459	1.9205683794798021	-95.759521749601547	-1.7076376457999674	-40.936862193977333
3.90625	-61.591502020046356	-87.615200747096125	-1.3688961360749281	-88.3390885512962	-3.8710443544442388	-48.537893244102115
4.8828125	-62.705245572932249	-85.974116298041565	-2.3379266052836907	-86.6837187558917	-4.5705935500964543	-50.537270661450293
5.859375	-63.951153723814606	-82.777440125270985	-3.51870896424614	-83.139193044031529	-5.5710167837432394	-51.619538819006358
6.8359375	-64.597594441193479	-83.026281378373355	-4.0278420559744372	-83.7511932908623	-5.8817849024447524	-53.417419679330621
7.8125	-65.758588107127565	-83.05705270047855	-5.1955023008249146	-84.074606206107944	-6.7056096818557336	-56.712425572686669
8.7890625	-66.588316291511475	-85.37626855724244	-6.003033875866663	-87.218393482882846	-7.1412665648529021	-61.180867462269468
9.765625	-67.236998097801091	-84.736159194776917	-6.6014510198513188	-86.804457824857025	-7.6423633945743807	-62.335755548591585
10.7421875	-67.871783021424264	-85.083073873320245	-7.20958122984228	-87.593663813717342	-8.0971099697511573	-64.431560241687492
11.71875	-68.470777345110008	-86.161393331587078	-7.7998170928225612	-89.283372050884026	-8.5044673405747684	-67.221057547346149
12.6953125	-68.95126406058165	-86.8899892372213	-8.259558060094486	-90.586171494807417	-8.8338941980060479	-69.384911018812815
13.671875	-69.538749585255971	-87.499462035875354	-8.865089725830396	-91.668499000613181	-9.3139323485320062	-71.665256228536663
14.6484375	-70.044569634605409	-88.412961880513237	-9.3887973231182826	-93.141358909566108	-9.7146905868799145	-74.097218165613469
15.625	-70.501969584800221	-88.815653751938257	-9.8581475836315064	-93.994056844198639	-10.10523030605829	-75.8346998613626
16.6015625	-70.937046699144872	-89.042107887772971	-10.307735077170282	-94.621842704570255	-10.494618324179854	-77.299215084079336
18.5546875	-71.724344130638755	-90.2313119407329	-11.14802363364263	-96.754856229351248	-11.198072621511539	-80.8779402603899
20.5078125	-72.479771759109042	-91.089665881004663	-11.975465306815046	-98.391946287438174	-11.931496394593648	-83.886813445984046
21.484375	-72.792338759688548	-91.497549773547263	-12.3207675094041	-99.203577839180255	-12.238188228761274	-85.243381553202312
23.4375	-73.415990865800069	-92.2659854026687	-13.025889403789515	-100.68255333816488	-12.880471540108363	-87.794871839817361
25.390625	-73.976913150431088	-93.053167233027835	-13.677140045788816	-102.13259550823192	-13.480974433078183	-90.181233543062831
27.34375	-74.528004241989478	-93.750258920523	-14.329844528850671	-103.36689472466708	-14.098301267589799	-92.301080526912372
30.2734375	-75.1515543543831	-94.651215434810723	-15.095460286956373	-105.09932162612616	-14.823512793946712	-95.008282346899207
32.2265625	-75.584895725803023	-95.287782485540376	-15.639315574701953	-106.1327494123282	-15.34967353389524	-96.688680665850754
35.15625	-76.105823020638056	-96.431594464611265	-16.331463762918276	-107.86677217895334	-16.014722991760635	-99.2056353312892
38.0859375	-76.563101449768524	-97.592377357306191	-16.96716481521505	-109.47043832980141	-16.631313200688577	-101.48331642902477
41.9921875	-77.08413127484593	-99.541004278487122	-17.744173827072512	-111.79758244987762	-17.384510315585445	-104.58939707625662
44.921875	-77.3978624068821	-101.00256144691086	-18.249128794555723	-113.39169271550081	-17.876748182417767	-106.66133300865691
48.828125	-77.737867269289978	-103.17359422863129	-18.846592713947377	-115.52302145762191	-18.459044156787193	-109.33688491855736
52.734375	-78.036074387171553	-105.76018446728011	-19.402489495926051	-117.76061308343597	-19.000939701629875	-112.06308463415837
57.6171875	-78.325597354164231	-109.29493601526664	-19.994161915187373	-120.49654908573656	-19.57716224359525	-115.30622513504088
62.5	-78.560409205063564	-113.50396879288805	-20.502986855984339	-123.47985936446406	-20.068441363996957	-118.7330138957204
67.3828125	-78.751741817600532	-118.1821751669666	-20.919544197502024	-126.57812414340238	-20.466217346681056	-122.21324885195361
73.2421875	-79.020000380826815	-124.46516391449423	-21.36618804846681	-130.55744652588027	-20.890167481811076	-126.62531111720173
79.1015625	-79.3140060088011	-131.40244657972113	-21.725202140864827	-134.99871737794234	-21.222899602018622	-131.47707004988075
85.9375	-79.755616079928856	-139.74646671085992	-22.085542636122774	-140.60086221478574	-21.55314581594078	-137.55821988691531
93.75	-80.437087220020175	-149.01398728721259	-22.502719054706336	-147.54799003186531	-21.943107695365484	-145.089063342998
101.5625	-81.149404967167413	-157.31723630787039	-22.87569518177779	-154.79329099691716	-22.296789239351892	-152.919793348308
110.3515625	-81.837874296503387	-165.18311505277393	-23.221558076089508	-162.88180306938975	-22.630973576997889	-161.63596049600525
119.140625	-82.35117317403008	-173.50497211791176	-23.5162939690407	-172.42522547353613	-22.922435335410817	-171.88572911707627
129.8828125	-82.8719869712128	-184.28685041506441	-24.018948317416353	-185.15641917266291	-23.456646942849289	-185.50230446470019
140.625	-83.210536498686452	-196.34047332282725	-24.585197473197109	-198.35863856261105	-24.086478308308159	-199.48606344636457
152.34375	-83.611705088144348	-212.03465810595989	-25.319095986719553	-213.29351709315625	-24.920569990881294	-215.07868873401745
165.0390625	-84.380177820162487	-230.4754370682445	-26.213292319732744	-229.00398346219259	-25.936386132797239	-231.18779215881653
178.7109375	-86.093423350572948	-251.81407896772276	-27.60498408801115	-247.81310888328613	-27.47390779414177	-250.05765820967511
194.3359375	-88.5659202136236	-273.50214058046942	-29.572682947735949	-269.85196990415062	-29.576727624617316	-271.75464496448018
210.9375	-91.938129310374421	-293.76341984814513	-32.784324377400068	-292.58985981456107	-32.862477884587193	-293.79313026306676
228.515625	-97.29491315511477	-310.41867896273317	-38.308197719069994	-310.53711465322721	-38.3768855371455	-311.06203029581815
247.0703125	-110.72012908869013	-312.28128299013224	-51.837197941976171	-312.29465406552532	-51.852160634675066	-312.40293871339696

Name	26: Id:1 Vel_NC (kp:1172 Tn:15)
Record-Number	26
Axis-ID	1
Min Frequency [Hz]	1
Max Frequency [Hz]	247.5
Frequency Steps	50
Mode	Velocity NC (without oversampling)
Position Monitoring Window [mm]	50
Velocity Amplitude Scaling Mode	1/ 10 at 1000Hz
Velocity Base Amplitude [mm/s]	10
Velocity Signal Amplitude [mm/s]	20
Integral Time [s]	15
Proportional Gain	1172
Check Drive Limitations	True
Dead Time [s]	0.008
Cycle Time [ms]	2
Oversampling	x1
Frequency	Process-Gain	Process-Phase	Open-Loop-Gain	Open-Loop-Phase	Close-Loop-Gain	Close-Loop-Phase
0.9765625	-46.639341205579548	-92.86875531061294	17.460904736004711	-95.413433300022291	0.031956504745311441	-7.6919992113736422
1.953125	-56.100827758891811	-98.826563516869584	6.954058000489117	-101.73135794264363	-0.081923234525951641	-25.819986859869736
2.9296875	-60.152491492798781	-93.086211401995911	2.8210736580753877	-94.818928833353425	-1.4639056472948677	-37.4763244011087
3.90625	-63.282518982386286	-89.258046728203141	-0.42262862412855823	-90.353291378668288	-3.1999233039685091	-46.5786288497381
4.8828125	-64.661371456466327	-88.181088786295931	-1.6961006886007066	-89.378852274624478	-3.9865828256939366	-50.188736302142452
5.859375	-66.05970617750576	-84.748618799473078	-3.0530443348811689	-85.5312772352549	-5.1071191683556405	-51.905910602143024
6.8359375	-66.86368799159	-84.5295617812413	-3.7484031339093815	-85.608435495503684	-5.5706062434535086	-53.937471067409618
7.8125	-67.81718465747754	-84.1511455385579	-4.6623365138195823	-85.476888985218238	-6.2278437900940276	-56.353580555113979
8.7890625	-68.5033275485628	-85.28742878377912	-5.2871509366308818	-87.2609462557977	-6.5840278163518118	-59.352461725560218
9.765625	-69.2175948322866	-84.73109520034609	-5.9632726908707046	-86.9511857643093	-7.1255661061371613	-60.869667818866276
10.7421875	-69.856572801548992	-85.839776141163668	-6.581639178623222	-88.720422924468977	-7.5180872346087169	-63.840727293017757
11.71875	-70.425103324560183	-86.027518864563035	-7.1254020254273911	-89.364251496253928	-7.9302878585518544	-65.705373215102327
12.6953125	-70.9359016648115	-86.400021266611773	-7.6169145019715856	-90.25296730800703	-8.2966594075509636	-67.625617086799181
13.671875	-71.462139075914564	-86.964280148209184	-8.1465002850391368	-91.354350052989417	-8.6954175001167346	-69.800627146641887
14.6484375	-71.885673217567685	-87.501009274170769	-8.5627503058568024	-92.465891145952156	-9.0046962774679038	-71.715757117121058
15.625	-72.353487085229659	-87.903021895189156	-9.0453662804258634	-93.355749089210619	-9.3927030635185318	-73.567347965024538
16.6015625	-72.782488295244931	-88.476722940739563	-9.4948675555265911	-94.4597656910356	-9.7487888259490436	-75.52317228198919
18.5546875	-73.542805068459813	-89.185823864663433	-10.295942341942133	-96.1225628459043	-10.416791449994347	-78.683417406892787
20.5078125	-74.243474539520463	-89.93623907334117	-11.059979383594456	-97.773975372431181	-11.071351723267874	-81.6949157421375
21.484375	-74.550219297627535	-90.275363538436622	-11.399305757669433	-98.556356038456428	-11.365990898265803	-83.058520635805564
23.4375	-75.137752150716139	-91.111640186987515	-12.070901691369107	-100.24800847487614	-11.953917767635804	-85.85946053779935
25.390625	-75.676314227236	-91.751949067833465	-12.700777728589273	-101.63597976884934	-12.524491841428038	-88.2441072643584
27.34375	-76.1728437088104	-92.492883271887678	-13.302531591098543	-103.06910418802266	-13.07503514460581	-90.5833055193622
30.2734375	-76.795698129253054	-93.515508193576224	-14.088714410967459	-105.0497598738651	-13.803521242113494	-93.682868302365918
32.2265625	-77.158754131732138	-94.238092225750734	-14.570157108142434	-106.33975070519642	-14.253954586280749	-95.623201066471509
35.15625	-77.6520396530118	-95.44780808982766	-15.257088648589917	-108.26256259392393	-14.902527504506558	-98.4295898537994
38.0859375	-78.085176321836158	-96.679854964589907	-15.893490809377189	-110.03068912686584	-15.511641155647277	-100.96806281502151
41.9921875	-78.532820120605763	-98.632347235051753	-16.628706802346858	-112.51451710643721	-16.213542616490329	-104.30148426388972
44.921875	-78.8312141347067	-100.18438703861531	-17.147834961839759	-114.22507675902585	-16.7158657987505	-106.57639514218144
48.828125	-79.1519819603095	-102.65417260202611	-17.771658944835387	-116.6446491188636	-17.31785746882959	-109.65346448926414
52.734375	-79.404659223881808	-105.46610549024361	-18.324751902014306	-119.08088940789938	-17.851802248549404	-112.65516448346484
57.6171875	-79.652378727105429	-109.35219340107705	-18.925554758639333	-122.03906029450897	-18.432788468336842	-116.21175823923068
62.5	-79.8890754688071	-113.77559945041698	-19.471684238003434	-124.99978356452772	-18.962581592654715	-119.70341861585794
67.3828125	-80.095487877692463	-118.95349102785875	-19.933318806115746	-128.27556568803587	-19.404277970888973	-123.45260349136106
73.2421875	-80.381184504820624	-125.6943093215812	-20.412275741792214	-132.32036498738594	-19.860463904337628	-128.01129476379981
79.1015625	-80.743369779308949	-133.01548634158405	-20.82764771764257	-136.75736256938379	-20.251769628414991	-132.94141407795385
85.9375	-81.256098690122485	-141.48386419230636	-21.227076038162597	-142.17670176469986	-20.624120445610021	-138.90499146084034
93.75	-81.978268521063342	-150.63950887624881	-21.642752692272964	-148.83629892105671	-21.013931318835517	-146.1970677780574
101.5625	-82.7282945349367	-158.96195281897275	-22.010499474962359	-156.05312694426502	-21.361937529469497	-154.06464961757598
110.3515625	-83.500762920015347	-166.32737113454604	-22.40519031243689	-163.76253145999939	-21.751037281639931	-162.45282094285588
119.140625	-84.048018983251282	-174.30697774352285	-22.716402846477408	-173.11834213170653	-22.061971008724353	-172.576894683013
129.8828125	-84.502497253859389	-184.393951758492	-23.1539357102222	-185.35385035246449	-22.530830560822871	-185.75333126187527
140.625	-84.756925288304515	-195.94021059330979	-23.660252688166604	-198.19746733669484	-23.103316693427818	-199.44932081163222
152.34375	-85.08298769112713	-211.4535618238375	-24.360919512553338	-212.90119323894356	-23.913102777898381	-214.88503755443651
165.0390625	-85.734380662072937	-230.30472350808208	-25.1657615133367	-228.65946607913745	-24.851334112542602	-231.12103545918924
178.7109375	-87.371461105824665	-252.6089603046054	-26.436178424096962	-247.99270034872006	-26.288421929933776	-250.5689704285341
194.3359375	-89.852228226772439	-275.82372595725991	-28.320128043262265	-271.65025238357919	-28.336090541759194	-273.84429007970965
210.9375	-93.285495412609308	-299.1155309850933	-31.575422503988655	-297.970225653999	-31.684517632567033	-299.288451787669
228.515625	-98.797994603938363	-321.25175271180922	-37.3054926545225	-321.53119198225255	-37.3980480765986	-322.01211713824711
247.0703125	-117.04601369471121	-414.70266940319721	-55.66850595698844	-414.71157167650989	-55.676771874464293	-414.63463921281368

Name	27: Id:1 Vel_NC (kp:1465 Tn:15)
Record-Number	27
Axis-ID	1
Min Frequency [Hz]	1
Max Frequency [Hz]	247.5
Frequency Steps	50
Mode	Velocity NC (without oversampling)
Position Monitoring Window [mm]	50
Velocity Amplitude Scaling Mode	1/ 10 at 1000Hz
Velocity Base Amplitude [mm/s]	10
Velocity Signal Amplitude [mm/s]	20
Integral Time [s]	15
Proportional Gain	1465
Check Drive Limitations	True
Dead Time [s]	0.008
Cycle Time [ms]	2
Oversampling	x1
Frequency	Process-Gain	Process-Phase	Open-Loop-Gain	Open-Loop-Phase	Close-Loop-Gain	Close-Loop-Phase
0.9765625	-47.751420454831354	-91.03895723065159	18.620434347207116	-93.084492671601069	-0.0048824120638746287	-6.7177315097698234
1.953125	-57.016693084229289	-98.494463934125264	8.2120019802189166	-101.72157938757221	0.030144899089932883	-22.440800694950674
2.9296875	-61.208777414903359	-92.9848851310681	3.8921681050588357	-94.894706971001639	-1.1364185699891654	-33.948644437866953
3.90625	-64.28396838286298	-89.97168740009117	0.69714514113324055	-91.347206314210268	-2.5727102804710116	-43.3221456270151
4.8828125	-66.05574782431502	-88.4627205466414	-1.0403123875233837	-89.805572171955916	-3.5761392919822277	-48.31421246901855
5.859375	-67.519755083477207	-85.812148859196441	-2.4759377955645663	-86.8756439469242	-4.6440227665749942	-51.072941663643441
6.8359375	-68.474324291754016	-85.589803232716974	-3.3507335264129443	-86.960659627484787	-5.2101329204416018	-53.721975479099974
7.8125	-69.388186087825062	-84.896398621917655	-4.2131825480463148	-86.466533471348626	-5.8415893847597484	-55.83991222455461
8.7890625	-70.095259662448385	-85.362475686762309	-4.8580316490255564	-87.451107801697162	-6.2491900838708929	-58.33827299716895
9.765625	-70.801202236506839	-85.022591956588769	-5.5235954649922	-87.428919459026687	-6.7549601414505966	-60.106191826844217
10.7421875	-71.418978487961866	-85.9834440835335	-6.1137163130456242	-89.057746769799252	-7.1207506721386951	-62.924689400180377
11.71875	-71.996427896517972	-85.87503594327238	-6.6643600325909622	-89.350919040861314	-7.5495376117436939	-64.562321830318126
12.6953125	-72.511494217690085	-86.4480563392664	-7.1628803198924729	-90.518333353531673	-7.8973141320362252	-66.763425138579777
13.671875	-73.018389130677463	-86.732429950951655	-7.6644410400251441	-91.308870528044039	-8.2801606021013114	-68.642117626956036
14.6484375	-73.454152846702755	-87.0802105854731	-8.0924100312351754	-92.2061396534092	-8.6032664250103874	-70.421416685061828
15.625	-73.89807854645133	-87.423023073707171	-8.54436254916734	-93.06870481929765	-8.9574345514723781	-72.211192073360166
16.6015625	-74.295671914441542	-87.870984060686339	-8.9526871121232787	-94.07533848328768	-9.2730866230368019	-74.017893226002059
18.5546875	-75.047779563219251	-88.560001405386728	-9.744716659169347	-95.78493660985194	-9.9167398168919423	-77.264214375840623
20.5078125	-75.730462297514	-89.21098537544627	-10.487226552979896	-97.3959673737631	-10.540813760012515	-80.2584188861396
21.484375	-76.033274527497525	-89.540444996236644	-10.823206988798288	-98.203008012591752	-10.826043978789651	-81.668199484961363
23.4375	-76.594076931845862	-90.200493737346847	-11.461833002352332	-99.77854914753965	-11.376936391238479	-84.355238616679628
25.390625	-77.10702600352721	-90.86537876410722	-12.067479379106651	-101.29223132595229	-11.910556321808123	-86.881245116237054
27.34375	-77.587993480852589	-91.5501010539496	-12.656152881224047	-102.7391500379739	-12.440368072366731	-89.271668968604772
30.2734375	-78.1670922114058	-92.474922372670662	-13.399829082142503	-104.75850678473684	-13.116210838308657	-92.424572583245677
32.2265625	-78.529858056786125	-93.295227604762957	-13.894058778856724	-106.21041422543506	-13.569655431554423	-94.595944413436641
35.15625	-78.991993337723585	-94.4485199915927	-14.559576647604278	-108.18577618391176	-14.189065899794784	-97.496760082222053
38.0859375	-79.392726418167271	-95.682551658401508	-15.177955037331735	-110.06043848063446	-14.772343636922196	-100.18683015720907
41.9921875	-79.8096053505393	-97.621056288916222	-15.905120501871357	-112.62896683989557	-15.458980428630532	-103.67216312436713
44.921875	-80.085099621823048	-99.310318259393938	-16.425890721334678	-114.52884903142301	-15.956115038125985	-106.19641285599802
48.828125	-80.366269066897956	-101.85025635310582	-17.039964444442138	-117.06929002464869	-16.542638992214542	-109.45053243474038
52.734375	-80.594039186159662	-104.67310216023108	-17.595732002033074	-119.50879493462106	-17.077258587282969	-112.51038787622714
57.6171875	-80.826178101014	-108.86281585637482	-18.221952352215073	-122.66520480759674	-17.679552827849079	-116.35195394943436
62.5	-81.022202738180738	-113.56582328908182	-18.764117364827339	-125.77572012493131	-18.201489960261171	-120.0482958337027
67.3828125	-81.209178481155334	-118.99145602321256	-19.232626141084015	-129.09896548960924	-18.6484847574091	-123.89673802037568
73.2421875	-81.497996657599842	-126.09280305090311	-19.730524334403164	-133.19960423404589	-19.122808792106284	-128.57402943396593
79.1015625	-81.874523638056417	-133.48092050231094	-20.156462542653482	-137.44610353588436	-19.526362378118421	-133.35063913533563
85.9375	-82.449787973180548	-142.32958167771113	-20.59508013685933	-142.94327575038426	-19.938450340257646	-139.46390995701955
93.75	-83.214057047881141	-151.39183323714121	-21.0196416521342	-149.36304674165362	-20.338718568625357	-146.55381790706662
101.5625	-84.014623446729942	-159.59718976982077	-21.404106502402442	-156.42851951753829	-20.704867137733295	-154.31541305802773
110.3515625	-84.828392191352918	-166.93592870981112	-21.811277727183679	-164.1689765055504	-21.107472949487359	-162.79291758125214
119.140625	-85.4176616836272	-174.46079668853761	-22.150670108338449	-173.19102056731765	-21.450282138379094	-172.61617328530468
129.8828125	-85.87935119437779	-184.13579664259277	-22.594018040353433	-185.16029818666451	-21.927575272130404	-185.57307234265551
140.625	-86.139333992808147	-195.09092943505976	-23.118025659014041	-197.52145345602707	-22.521595207255064	-198.81189044695867
152.34375	-86.3160174085578	-210.1827850698096	-23.704355065711038	-211.84296688980012	-23.214574486794749	-213.93124860278982
165.0390625	-86.904187636139383	-229.13398960737	-24.473811763342365	-227.46491724526751	-24.124830830770883	-230.09167666004836
178.7109375	-88.459942484290536	-251.58573874003864	-25.646678612468335	-246.58215121420324	-25.474965886245929	-249.38252028541015
194.3359375	-90.852270666602521	-275.447472784795	-27.372068073689874	-270.78300921396362	-27.385082148817737	-273.23184802839313
210.9375	-94.263740505615061	-299.54778600184034	-30.574672490348153	-298.28145628940496	-30.698503658165912	-299.75390134715781
228.515625	-99.8615132171329	-325.04592866134271	-36.422148672052984	-325.40974425615315	-36.529746296337365	-325.89476717954625
247.0703125	-115.87006420104524	-436.44340717562289	-52.555600595473962	-436.44954167597507	-52.560417266021517	-436.31836951787488

Name	28: Id:1 Vel_NC (kp:1758 Tn:15)
Record-Number	28
Axis-ID	1
Min Frequency [Hz]	1
Max Frequency [Hz]	247.5
Frequency Steps	50
Mode	Velocity NC (without oversampling)
Position Monitoring Window [mm]	50
Velocity Amplitude Scaling Mode	1/ 10 at 1000Hz
Velocity Base Amplitude [mm/s]	10
Velocity Signal Amplitude [mm/s]	20
Integral Time [s]	15
Proportional Gain	1758
Check Drive Limitations	True
Dead Time [s]	0.008
Cycle Time [ms]	2
Oversampling	x1
Frequency	Process-Gain	Process-Phase	Open-Loop-Gain	Open-Loop-Phase	Close-Loop-Gain	Close-Loop-Phase
0.9765625	-49.089815209613135	-85.872017995923215	18.985299335548792	-85.686536680349874	-0.12642640239718733	-6.3414928304863709
1.953125	-57.866713306441554	-98.087192781888	9.1390527799307613	-101.53070762408271	0.077431009101605081	-20.193685241812723
2.9296875	-61.999052439029015	-93.107951588096569	4.8756641134449907	-95.2534180178738	-0.86697963253317978	-30.936691884974916
3.90625	-65.033008823337312	-90.316401844710668	1.7167970460296877	-91.925832613766758	-2.0906324831452312	-40.146021342564545
4.8828125	-67.029247012266026	-88.546066730939131	-0.29318795149122051	-90.01800370117131	-3.1580034726171795	-45.9761175518148
5.859375	-68.518344166683747	-86.584617050214263	-1.7597779210989288	-87.915133203728359	-4.130831262934084	-49.517651292711037
6.8359375	-69.63815441067851	-86.097421587211457	-2.8334649179378535	-87.671622425662974	-4.8184290027637209	-52.659745156217461
7.8125	-70.5876883988017	-85.379920118986547	-3.7376956106685655	-87.156003292969359	-5.46204542968698	-54.977918205262341
8.7890625	-71.360979039084668	-85.590785610728659	-4.4615535768795169	-87.833065648591457	-5.9327911089449445	-57.520355874859163
9.765625	-72.065131402535243	-85.315253343417083	-5.1238604211007459	-87.909932505973188	-6.42002895394148	-59.406591962846754
10.7421875	-72.683851119590656	-85.872948352159369	-5.7104929945358194	-89.060812827117417	-6.8011831067290993	-61.869405552606068
11.71875	-73.262256195615038	-85.823196726258487	-6.2617952781491679	-89.44741603417539	-7.2165376352891553	-63.619783749093919
12.6953125	-73.792472089723915	-86.379031408981916	-6.7787444142978517	-90.612275678316408	-7.5711425332936422	-65.8892095723683
13.671875	-74.2873831077117	-86.5559584568359	-7.2632602574276008	-91.297509239642821	-7.9383032403905274	-67.666668409176737
14.6484375	-74.7455786163429	-86.898186620741015	-7.71930435312901	-92.196489973850021	-8.2790196571682255	-69.5379356120345
15.625	-75.176749470995773	-87.148585128576769	-8.1536083080984572	-92.975462827360545	-8.6161242527542026	-71.238492487360787
16.6015625	-75.573647138982622	-87.546626998990774	-8.5603496028430612	-93.9453843016911	-8.9264117259672684	-73.030285864089691
18.5546875	-76.3124015577582	-88.108805334631612	-9.3339510299261779	-95.557486080824944	-9.54767829922653	-76.193638024301677
20.5078125	-76.975995602267417	-88.774181992199956	-10.055390814582861	-97.257763062086383	-10.138582959865074	-79.275121873704222
21.484375	-77.27573046417443	-88.956106074568737	-10.3846983720962	-97.9104286096712	-10.420390792632912	-80.547691527357415
23.4375	-77.827151415807478	-89.572446933315916	-11.013720950550418	-99.4954227806698	-10.953987329030653	-83.26784839471334
25.390625	-78.327194727952019	-90.179148457425313	-11.605970105305957	-101.00604025955758	-11.467983553195754	-85.808773703706578
27.34375	-78.795149434940626	-90.767889311059847	-12.180836415701384	-102.40440261097123	-11.980097479615171	-88.170107738374725
30.2734375	-79.361395688793849	-91.667163467893985	-12.916769652059735	-104.48355898435025	-12.638929906075148	-91.424353320622373
32.2265625	-79.701181758322747	-92.426156563520721	-13.389182074182553	-105.94691412615852	-13.065582952881961	-93.611304170033065
35.15625	-80.1455617699569	-93.542273267496554	-14.044832964965778	-107.96892820273659	-13.668182927749195	-96.596541039290045
38.0859375	-80.526127655246654	-94.798786264756075	-14.655201978863953	-109.95050818496991	-14.235911478326033	-99.43353569734775
41.9921875	-80.930188883208061	-96.733280226102082	-15.38764493144428	-112.58151362684592	-14.921919782837445	-103.04493325209413
44.921875	-81.170844944265625	-98.4213234553997	-15.888194861900409	-114.56074066271523	-15.393364159335432	-105.66848213053575
48.828125	-81.426219579286126	-100.94269308104056	-16.497459106155986	-117.12959823916334	-15.971317325681142	-108.99387577518128
52.734375	-81.627528177823407	-103.88418159268342	-17.054080248454909	-119.69878316177153	-16.501910811558016	-112.23261582157173
57.6171875	-81.833586695484541	-108.15687954359807	-17.684410749622185	-122.89664815818132	-17.105645789475169	-116.16783839885878
62.5	-82.005998279624592	-113.05589146623227	-18.233109665732115	-126.0987448987449	-17.631309246570069	-120.00634027993026
67.3828125	-82.188530015296422	-118.71588575155376	-18.719528489685867	-129.48282642809855	-18.095008837631251	-123.96768842158653
73.2421875	-82.4802051193571	-126.06022392052193	-19.23392835857738	-133.59249234551072	-18.585517369033177	-128.70293139267258
79.1015625	-82.862230340769514	-133.806916601157	-19.667886427622548	-137.94413122009726	-18.995202624273027	-133.63138962309478
85.9375	-83.457182245296778	-142.72971135909819	-20.111262094728964	-143.31263749796136	-19.412633665323781	-139.64752343162354
93.75	-84.270967573805748	-151.90156791912338	-20.556284439722468	-149.69642455341108	-19.83428275412933	-146.74839752592393
101.5625	-85.128274944705	-160.13062979170442	-20.968158523348173	-156.75551473200792	-20.22962076714844	-154.5527573963644
110.3515625	-85.998013124504382	-167.28463633459739	-21.409581163825152	-164.37444605011902	-20.670291484936492	-162.94565399477293
119.140625	-86.6073164529146	-174.52491758180037	-21.758907648020326	-173.19598905090513	-21.024817161364911	-172.59272014166626
129.8828125	-87.0829321962162	-183.64807048426633	-22.214094410284574	-184.71997637077831	-21.5161143386591	-185.11593174592386
140.625	-87.324805793721907	-194.16042245557179	-22.727814645481153	-196.73398778041283	-22.100117164596082	-198.02949148321082
152.34375	-87.491848540355051	-208.78503854514426	-23.323173033701067	-210.63247881617227	-22.803737020971184	-212.74695838216891
165.0390625	-87.969814656052847	-227.28627414761493	-24.015004785670495	-225.71574667573739	-23.634007840082312	-228.41613416646737
178.7109375	-89.379690207725133	-249.83321361166881	-25.047373219551762	-244.57268963738045	-24.847864481399739	-247.53529341535472
194.3359375	-91.749075306419257	-274.20407407500409	-26.691295723118621	-269.12941915335318	-26.694489942713805	-271.78098876532277
210.9375	-95.110136321360073	-298.01703490023772	-29.809976882938933	-296.56103178789795	-29.938140580430776	-298.19346186147664
228.515625	-100.69347082907889	-321.83011867141954	-35.656171332040657	-322.17706246272013	-35.769004960150482	-322.74893371538843
247.0703125	-120.33466864701441	-433.23683559515382	-55.435730505572977	-433.24201061121994	-55.439976474878286	-433.14926851320291

Name	29: Id:1 Vel_NC (kp:2051 Tn:15)
Record-Number	29
Axis-ID	1
Min Frequency [Hz]	1
Max Frequency [Hz]	247.5
Frequency Steps	50
Mode	Velocity NC (without oversampling)
Position Monitoring Window [mm]	50
Velocity Amplitude Scaling Mode	1/ 10 at 1000Hz
Velocity Base Amplitude [mm/s]	10
Velocity Signal Amplitude [mm/s]	20
Integral Time [s]	15
Proportional Gain	2051
Check Drive Limitations	True
Dead Time [s]	0.008
Cycle Time [ms]	2
Oversampling	x1
Frequency	Process-Gain	Process-Phase	Open-Loop-Gain	Open-Loop-Phase	Close-Loop-Gain	Close-Loop-Phase
0.9765625	-49.854122048594348	-86.06684880660687	19.820427038374685	-85.9032076283538	-0.10727654581353664	-5.7724644376133094
1.953125	-58.667053709860944	-97.671565043092826	9.8349354707910184	-101.25224405254033	0.096185300479538355	-18.6399056025508
2.9296875	-62.73430835730754	-93.15506924504264	5.6394749070542014	-95.491879674884942	-0.69273283953120446	-28.696252079439478
3.90625	-65.701059598730311	-90.496783152834979	2.5534303240019511	-92.300433527414711	-1.7482532564341822	-37.51200372335709
4.8828125	-67.7927231543116	-88.617894022473621	0.42279635575305946	-90.224008057530369	-2.7870522036944285	-43.712624826452611
5.859375	-69.318608572277384	-87.071957115397822	-1.0899952450648263	-88.626461619233069	-3.6914831397865333	-47.814135887362632
6.8359375	-70.543970212142113	-86.376855658293067	-2.2925385796854583	-88.1195092207762	-4.4416686900629108	-51.295942553466681
7.8125	-71.5382421305949	-85.690168841202109	-3.2509597840126645	-87.646873241803576	-5.0965259600679591	-53.89084634219423
8.7890625	-72.3735148701628	-85.749941665388278	-4.0502287204624912	-88.14097676996316	-5.6164176512241726	-56.570918856307074
9.765625	-73.095701719985556	-85.493041893837329	-4.733993422656873	-88.2535230284144	-6.1060949016648047	-58.592169088539023
10.7421875	-73.7357942960086	-85.863277218169245	-5.3449918612854344	-89.18312626421779	-6.5093728255642214	-60.980385086959309
11.71875	-74.32372044420778	-85.826909172740912	-5.9076669162958417	-89.601058588707332	-6.9239009542098824	-62.818657171524485
12.6953125	-74.865202193213278	-86.271172091464692	-6.4371502450741191	-90.641326490270487	-7.2881520311554784	-65.041626783714875
13.671875	-75.365623347017319	-86.379729331371252	-6.9272478024335991	-91.255447251559858	-7.6576772976080161	-66.798398015252332
14.6484375	-75.823221937767812	-86.701843753188669	-7.38202366022895	-92.151179645584236	-7.9913958311104736	-68.684174992501369
15.625	-76.262904989447989	-86.914217131024273	-7.8265346050069979	-92.894990675250355	-8.3339014792232327	-70.399872496635908
16.6015625	-76.666131124935248	-87.281783343826262	-8.240954412519768	-93.841969332807622	-8.64715583548252	-72.206924674143409
18.5546875	-77.400712401443286	-87.7613993866499	-9.0081962507137572	-95.39365944438336	-9.25721527447569	-75.337855510171138
20.5078125	-78.057339569304787	-88.3174939484196	-9.7194864507590424	-97.0057913804985	-9.8351904464474345	-78.350180980372755
21.484375	-78.357031791356164	-88.568796632587848	-10.051714297914707	-97.764848725327269	-10.111553786942418	-79.745998698145627
23.4375	-78.899476277518929	-89.064060257471226	-10.668237736401036	-99.252118868889454	-10.631526940439795	-82.380621085287245
25.390625	-79.395814938840331	-89.635346642866978	-11.257843029054065	-100.76441037097165	-11.137430813101403	-84.949387779941077
27.34375	-79.846163624894828	-90.218088929193144	-11.815161118466193	-102.22100104339984	-11.625219970208372	-87.369134653727627
30.2734375	-80.405214380063654	-91.071771320875015	-12.547470945712391	-104.31330290653479	-12.274172111182637	-90.672830872851435
32.2265625	-80.73632927659861	-91.770164228287513	-13.012691327330044	-105.75614257761143	-12.69082799733042	-92.855105755384727
35.15625	-81.165876306421211	-92.823230841595617	-13.657735042422541	-107.78083405077172	-13.278187663397604	-95.865930286205739
38.0859375	-81.526432853731876	-94.032967222701146	-14.2542476927879	-109.78933209783828	-13.82715951531808	-98.748045728049391
41.9921875	-81.9077492635267	-95.927003579854627	-14.976133419394365	-112.46243032113924	-14.496959111679937	-102.43412534642708
44.921875	-82.136735795222449	-97.639993707853733	-15.478437675460157	-114.50753323545975	-14.965989578354815	-105.15888617565324
48.828125	-82.374895317638973	-100.17539694141344	-16.088493534772397	-117.12759856720059	-15.540930353166903	-108.57542135405518
52.734375	-82.549847745515876	-103.08613454152531	-16.636281901546361	-119.69910258386265	-16.060049400160771	-111.84092166613252
57.6171875	-82.7279643165419	-107.45486553020237	-17.265994421173939	-122.97636912096736	-16.659379040220362	-115.89745228568357
62.5	-82.88052876390671	-112.38720397883056	-17.816884888179839	-126.15036543474173	-17.186229088595194	-119.74056173331445
67.3828125	-83.048854484778545	-118.20432831909551	-18.310204372677394	-129.57010322614227	-17.655142870174128	-123.77483237979686
73.2421875	-83.33821540759692	-125.77963226705394	-18.837215320080617	-133.71450803526912	-18.157174569465464	-128.58758178758052
79.1015625	-83.7262225546701	-133.75444449510849	-19.280180805839432	-138.09021193323053	-18.574896528289791	-133.57604654914005
85.9375	-84.3346804133522	-142.80387339460034	-19.727280599505939	-143.4001568401147	-18.995657082456411	-139.56243886866281
93.75	-85.189463648051159	-152.04294679883461	-20.19020374009078	-149.7238574937814	-19.436053777063876	-146.6399240244871
101.5625	-86.070710555952957	-160.13710905069408	-20.605380687072024	-156.61710269154958	-19.835141407050681	-154.29897892862405
110.3515625	-86.955455457308261	-167.39789970840846	-21.041488729091526	-164.3573922433915	-20.268937779325903	-162.85942232251242
119.140625	-87.622770684837661	-174.35392118047835	-21.438127286401421	-172.97586043983605	-20.675596929427314	-172.32762295255989
129.8828125	-88.124959336142282	-183.06134374913722	-21.916643523519003	-184.17255108965372	-21.192704872262187	-184.53595147803946
140.625	-88.3643424519523	-193.13695731050052	-22.432201776294413	-195.83453382666352	-21.778668373028346	-197.10852119217952
152.34375	-88.529483084144857	-207.05222604301869	-23.038465105381718	-209.10418939057243	-22.492179259952621	-211.19638892615896
165.0390625	-88.938468236688436	-225.33914338592808	-23.690837538327187	-223.91760516046344	-23.281635822964269	-226.6423645719515
178.7109375	-90.284530424284213	-247.98696615894823	-24.668040295332993	-242.6082720824582	-24.443695198796107	-245.65966653282857
194.3359375	-92.585971715988762	-272.13905431249577	-26.211981672321492	-266.7305694362102	-26.198120233688208	-269.53395270525755
210.9375	-95.943323121099382	-295.44194124890811	-29.291410514885587	-293.7683909528829	-29.414865359835609	-295.54240192489658
228.515625	-101.41136339390275	-317.91013468240988	-35.021373771147431	-318.21572805957919	-35.136102502839783	-318.88409551459807
247.0703125	-133.76722213813142	-372.42153497258863	-67.527406556761761	-372.42511320842181	-67.530971610989084	-372.41993305728977

Name	30: Id:1 Vel_NC (kp:2344 Tn:15)
Record-Number	30
Axis-ID	1
Min Frequency [Hz]	1
Max Frequency [Hz]	247.5
Frequency Steps	50
Mode	Velocity NC (without oversampling)
Position Monitoring Window [mm]	50
Velocity Amplitude Scaling Mode	1/ 10 at 1000Hz
Velocity Base Amplitude [mm/s]	10
Velocity Signal Amplitude [mm/s]	20
Integral Time [s]	15
Proportional Gain	2344
Check Drive Limitations	True
Dead Time [s]	0.008
Cycle Time [ms]	2
Oversampling	x1
Frequency	Process-Gain	Process-Phase	Open-Loop-Gain	Open-Loop-Phase	Close-Loop-Gain	Close-Loop-Phase
0.9765625	-51.049405380831523	-81.79152205141348	19.744781100726485	-79.556502705347825	-0.20336197732621517	-5.6776911812467867
1.953125	-59.382870998697577	-97.2738340829355	10.419256741681886	-100.95466478081467	0.10428212490499597	-17.422095258221102
2.9296875	-63.405115015870216	-93.1387717933041	6.269382504309327	-95.630948483051014	-0.57183412389276356	-26.918916600318976
3.90625	-66.307817433051312	-90.664745625236932	3.2555144548827823	-92.654800848420834	-1.4887095395853662	-35.346893956973666
4.8828125	-68.4216928527285	-88.79141372428569	1.0934092449232717	-90.564430056361743	-2.4552609582700149	-41.649895007091189
5.859375	-69.993833193222017	-87.415417482493524	-0.47827359878083975	-89.170750859554715	-3.31832676464817	-46.139381446367729
6.8359375	-71.28199269164071	-86.569646235101047	-1.7587566339310898	-88.470673158722533	-4.0902180866050859	-49.846061554893772
7.8125	-72.313289011864839	-85.977524909757292	-2.763213274885076	-88.123784152985749	-4.74128102422847	-52.74125056713288
8.7890625	-73.188896231148632	-85.844380257668632	-3.611174931759721	-88.382903766423041	-5.2921276986771337	-55.45888554286018
9.765625	-73.945617883090137	-85.611996678216585	-4.337949066663489	-88.533082665726283	-5.7972895014253485	-57.679007093146879
10.7421875	-74.617914831043961	-85.846218683575415	-4.9880310920306767	-89.298099110876308	-6.2294756552764738	-60.083442614761836
11.71875	-75.21426651599046	-85.829185681439185	-5.5609575980977475	-89.75583294376645	-6.6412033031657911	-62.012122408121328
12.6953125	-75.766992474015225	-86.153278809908272	-6.102931612938697	-90.657768148988509	-7.015849451429168	-64.180681928642358
13.671875	-76.272999765619261	-86.279432711462164	-6.6001931161055332	-91.310513731706308	-7.3824839893693479	-66.01235411513295
14.6484375	-76.74014061855641	-86.569105717649933	-7.0666848584805191	-92.1784900389481	-7.7216843306873626	-67.925093448359291
15.625	-77.181538600550141	-86.729045000368444	-7.5125439672999867	-92.872752209941041	-8.0629115970690783	-69.623153428002638
16.6015625	-77.591825908281834	-87.071113649929927	-7.9358665446952834	-93.8012600410376	-8.3799714453538812	-71.453408442829627
18.5546875	-78.333824360408144	-87.495254993799023	-8.7122275514942675	-95.311871710626434	-8.9922798822669154	-74.603972718606144
20.5078125	-78.992511427393069	-87.989898703330169	-9.4259923863666444	-96.880418612277566	-9.5677835381459637	-77.613583449963969
21.484375	-79.290545965312219	-88.207513795402789	-9.7560190500391446	-97.61717958831106	-9.8401306744664847	-78.999015769605165
23.4375	-79.8351018160055	-88.704344619549317	-10.377429966879642	-99.138663202608683	-10.357835309777862	-81.704313703955279
25.390625	-80.3284105577461	-89.210419283630586	-10.963775690955767	-100.60877305780473	-10.857786792935826	-84.2534194089799
27.34375	-80.773772194014981	-89.772543585091043	-11.517564752414305	-102.08083980448045	-11.337382451537701	-86.708131827792656
30.2734375	-81.323508075670844	-90.566645974577881	-12.241897502208408	-104.16562683254234	-11.973681909843116	-90.025768229291756
32.2265625	-81.648338468936728	-91.230046009490579	-12.702766437530876	-105.60887811399847	-12.382927569318054	-92.223999292584452
35.15625	-82.072271686796412	-92.290239247512645	-13.349231485752007	-107.69121786967686	-12.966027385006464	-95.32727722176358
38.0859375	-82.4221096106005	-93.455656012581116	-13.940214665028822	-109.70451492207256	-13.506148318713461	-98.235828020877562
41.9921875	-82.790013980391336	-95.332954362603047	-14.659486534624303	-112.41941399866491	-14.168669752658889	-101.99732920459961
44.921875	-82.999663866758453	-96.950809699942653	-15.147761919749714	-114.4225384572004	-14.622074449382483	-104.68607709458678
48.828125	-83.22074427568252	-99.5296197936113	-15.757510293812356	-117.12543394449153	-15.19219045686202	-108.21993400123307
52.734375	-83.384496964567631	-102.46082951455757	-16.310051679256475	-119.72439719520457	-15.713883255240347	-111.54664288134032
57.6171875	-83.532625299608554	-106.88064197176406	-16.932260362462337	-123.05573871696092	-16.302244620420886	-115.68474985358796
62.5	-83.675783582836374	-111.95071771744195	-17.494751878588954	-126.28975245015901	-16.839003501666149	-119.62928864411816
67.3828125	-83.832321344797464	-117.86041560904548	-17.992282994134992	-129.7060493059802	-17.311342108921806	-123.68782638224084
73.2421875	-84.1133077887323	-125.61148442333774	-18.523750737329465	-133.86988592179529	-17.816745701764741	-128.55133204893968
79.1015625	-84.49500696865006	-133.57602653972563	-18.962683517347841	-138.10736178212289	-18.230907126843405	-133.41200204668246
85.9375	-85.121197417575459	-142.82924172577231	-19.419125083746987	-143.4423278812086	-18.660203526959592	-139.45721689876203
93.75	-85.997755270874137	-152.15653375311862	-19.885914803909476	-149.73893935325231	-19.103999552632011	-146.53615048040965
101.5625	-86.930888782878014	-160.31185066643778	-20.330699277354391	-156.66337448411448	-19.534481269888929	-154.26804319569933
110.3515625	-87.835673736898357	-167.49794913041995	-20.771925391750216	-164.35770550536196	-19.973974194489021	-162.80801037662911
119.140625	-88.521511645430749	-174.23400306521449	-21.179237449939766	-172.81486789006848	-20.392895573494982	-172.12991386072125
129.8828125	-89.0612778981079	-182.59905905595016	-21.692602198463064	-183.74080807919461	-20.948478498314266	-184.075955120829
140.625	-89.321277755770737	-192.36768323726295	-22.231228924075324	-195.15469560101994	-21.559363641476029	-196.4065039946272
152.34375	-89.467019204902314	-205.95620441233822	-22.829184356629263	-208.14986734187022	-22.263595270906503	-210.23329108909994
165.0390625	-89.823759710852656	-223.88403459009822	-23.451161489562018	-222.58417320986464	-23.020258125532568	-225.32356278475066
178.7109375	-91.083351882358954	-246.07775748782677	-24.359867235764302	-240.63609257191968	-24.110954318154306	-243.74829107486005
194.3359375	-93.3981894551228	-269.75775164649554	-25.896518843368131	-264.10375937802576	-25.862300645959884	-267.00704497608444
210.9375	-96.762065810520767	-291.88465320300065	-28.951662015747527	-289.96638573690262	-29.061610594967533	-291.86396518471815
228.515625	-101.99985268949233	-312.45453512844909	-34.435689752635888	-312.67827069936931	-34.5475345050595	-313.46740048828718
247.0703125	-123.86375524498334	-280.46871585865591	-56.4621152162049	-280.47016521658975	-56.464496398250724	-280.55481112020652

Name	31: Id:1 Vel_NC (kp:2637 Tn:15)
Record-Number	31
Axis-ID	1
Min Frequency [Hz]	1
Max Frequency [Hz]	247.5
Frequency Steps	50
Mode	Velocity NC (without oversampling)
Position Monitoring Window [mm]	50
Velocity Amplitude Scaling Mode	1/ 10 at 1000Hz
Velocity Base Amplitude [mm/s]	10
Velocity Signal Amplitude [mm/s]	20
Integral Time [s]	15
Proportional Gain	2637
Check Drive Limitations	True
Dead Time [s]	0.008
Cycle Time [ms]	2
Oversampling	x1
Frequency	Process-Gain	Process-Phase	Open-Loop-Gain	Open-Loop-Phase	Close-Loop-Gain	Close-Loop-Phase
0.9765625	-51.439927118763592	-83.878774609823438	20.707358341502619	-82.45649393401645	-0.13973885703848279	-5.1591699267892812
1.953125	-60.06008458177245	-96.912932072166427	10.8818288813403	-100.65612756957884	0.105660603190761	-16.511528674866774
2.9296875	-64.048598432665386	-93.071118811894834	6.7660235924952508	-95.6762842907709	-0.49139273207465611	-25.563651370767861
3.90625	-66.900087638866211	-90.7456505192753	3.8112609008872651	-92.881413382921252	-1.3064289238052382	-33.646810245977591
4.8828125	-69.012433417044946	-88.930285054125449	1.6477186785056144	-90.852871805170878	-2.2001527099869227	-39.9436891865176
5.859375	-70.609271762414409	-87.634763173383817	0.0436388224895435	-89.556776349024645	-3.0220010965961746	-44.635567878235477
6.8359375	-71.931604802584985	-86.768208276110613	-1.2805702267410892	-88.830067591211616	-3.7844580606643579	-48.53863610225752
7.8125	-72.997995804839647	-86.2248599883316	-2.329587439540965	-88.550292706088072	-4.4342207777815936	-51.6805258353179
8.7890625	-73.905137190091821	-85.996754832809643	-3.2166643917373445	-88.695731589654713	-5.0013439948188108	-54.493980974009418
9.765625	-74.687886108162488	-85.805211976111991	-3.9766619028129164	-88.906440977213734	-5.51298391227014	-56.90133024362386
10.7421875	-75.3781214011271	-85.905730895707876	-4.648077354610674	-89.511564752587518	-5.960745816094283	-59.2837747662585
11.71875	-75.996393675950188	-85.8736794448161	-5.2487405276767216	-89.95617469557078	-6.3863724592910618	-61.311161541920008
12.6953125	-76.5600972440719	-86.139450637772512	-5.80404245963683	-90.7959808491013	-6.76806474776658	-63.490949871476836
13.671875	-77.071894541704864	-86.222700769588428	-6.3079988352083323	-91.406996126180559	-7.1367010497824932	-65.330163768496192
14.6484375	-77.55302597232307	-86.4744613398725	-6.7921112131933681	-92.23341397569115	-7.4875014506519841	-67.273571709942885
15.625	-77.992443199902411	-86.651562490531788	-7.23600282452	-92.969064380079516	-7.8200346016680324	-69.021769445128314
16.6015625	-78.405525009173743	-86.914874406192666	-7.6616739658171742	-93.811414876728747	-8.1394868839845778	-70.800994661535341
18.5546875	-79.156117357649023	-87.311079351216236	-8.4495241555495859	-95.310583077660226	-8.7552327469437223	-74.002191979370934
20.5078125	-79.8198092263623	-87.759585000833809	-9.1699809839091468	-96.846393754101641	-9.3324003434374578	-77.026992651877364
21.484375	-80.116458069690282	-87.972892597244083	-9.4990264745224238	-97.595288998876725	-9.600622138126111	-78.435583973636
23.4375	-80.663031583208564	-88.422357405161762	-10.123554923985644	-99.085004495293532	-10.118084269488381	-81.143594291945959
25.390625	-81.15576347385381	-88.922199560329489	-10.711588967640523	-100.5773120557978	-10.614639917279991	-83.742242146302317
27.34375	-81.6029879483259	-89.45439309337587	-11.269543126767035	-102.03656705565341	-11.095410386125234	-86.215694014988884
30.2734375	-82.149753765670567	-90.229384476610008	-11.99442497987417	-104.14204704960478	-11.727337778925605	-89.58502942222367
32.2265625	-82.471660866585935	-90.8330648164399	-12.453011700409405	-105.54436265423379	-12.133440869935111	-91.757454984277445
35.15625	-82.885711137605924	-91.863970259749	-13.093202967383803	-107.6452019498891	-12.706379630996478	-94.896554824434531
38.0859375	-83.23033398822713	-93.012756919446559	-13.684715756164065	-109.67757038543675	-13.243851444550984	-97.850250206322187
41.9921875	-83.583472228903588	-94.8383394460997	-14.396278419637291	-112.39578550166239	-13.895443908028291	-101.63489160862966
44.921875	-83.785907533002558	-96.490917224708838	-14.887431481722784	-114.46156451159831	-14.348322769967186	-104.41331142617103
48.828125	-83.995579974350392	-99.037375369059987	-15.496274160457496	-117.15889885712916	-14.915763801720807	-107.96574391011592
52.734375	-84.148573756507446	-102.0031783044156	-16.052065808850781	-119.79929741440864	-15.438434715122572	-111.36251463886624
57.6171875	-84.285887184268518	-106.41206558927976	-16.678142806002924	-123.10464920682568	-16.030018165289579	-115.5018732206687
62.5	-84.403019556920214	-111.56913019389134	-17.233805125371962	-126.39525029618588	-16.557184740900432	-119.52345518419538
67.3828125	-84.552852933932769	-117.59917219525488	-17.738857305096012	-129.8398232414149	-17.036128438284827	-123.63921755297282
73.2421875	-84.826369773910272	-125.43510125274388	-18.272448777352437	-133.97005905027709	-17.543448264871429	-128.49024714737777
79.1015625	-85.2112870104368	-133.62354001098336	-18.717379620535258	-138.27541745001184	-17.962303321222535	-133.44813746250023
85.9375	-85.848591893351511	-142.92394022020974	-19.17683883471561	-143.53690455616905	-18.395002294013128	-139.43720078838271
93.75	-86.751357324382468	-152.37642732932531	-19.653063331869284	-149.86201450319524	-18.848129795945518	-146.57553542924782
101.5625	-87.695371407430855	-160.43984259459106	-20.094522559528979	-156.67920226093779	-19.275413194697311	-154.21288801297288
110.3515625	-88.644309115179311	-167.57522540689484	-20.565432138474463	-164.356358628164	-19.747443306519536	-162.76557132021247
119.140625	-89.355534336856	-174.20513474722392	-20.991639684850384	-172.75510486509631	-20.187447326925565	-172.04795277430549
129.8828125	-89.911633691972241	-182.41026682103592	-21.519987044181089	-183.57550689519192	-20.760098393012839	-183.90288765145763
140.625	-90.172963007547139	-191.80729550758156	-22.062053444752539	-194.66833326578541	-21.374731039414208	-195.90691189805247
152.34375	-90.309658554502221	-204.96302276853413	-22.658724551907863	-207.28417582488041	-22.076533623371514	-209.35259614884905
165.0390625	-90.648037907491641	-222.33836359583367	-23.279326230324116	-221.18840798371755	-22.829075486723195	-223.9136994599703
178.7109375	-91.818208844267176	-243.91299123989825	-24.123945015747353	-238.48224760911552	-23.849840169479467	-241.61936622277403
194.3359375	-94.120068615104771	-267.20357614864724	-25.633234551485423	-261.33664235889552	-25.576333062935454	-264.31871673414435
210.9375	-97.504784047085934	-288.09810973676724	-28.679518985151113	-285.93171664831249	-28.772183788222531	-287.93892287599874
228.515625	-102.48645744108192	-305.52630317277072	-33.885547731759672	-305.6221204470296	-33.988374720467206	-306.55268663516506
247.0703125	-116.59911599495878	-272.182736517684	-48.171350722474855	-272.18163821200989	-48.172707309259252	-272.40508466389127

Name	32: Id:1 Vel_NC (kp:2930 Tn:15)
Record-Number	32
Axis-ID	1
Min Frequency [Hz]	1
Max Frequency [Hz]	247.5
Frequency Steps	50
Mode	Velocity NC (without oversampling)
Position Monitoring Window [mm]	50
Velocity Amplitude Scaling Mode	1/ 10 at 1000Hz
Velocity Base Amplitude [mm/s]	10
Velocity Signal Amplitude [mm/s]	20
Integral Time [s]	15
Proportional Gain	2930
Check Drive Limitations	True
Dead Time [s]	0.008
Cycle Time [ms]	2
Oversampling	x1
Frequency	Process-Gain	Process-Phase	Open-Loop-Gain	Open-Loop-Phase	Close-Loop-Gain	Close-Loop-Phase
0.9765625	-52.512932365756583	-80.036204216808486	20.4279211105483	-76.66030842541204	-0.22423481914432386	-5.1787838836989382
1.953125	-60.692611474700669	-96.563658650309577	11.265315132266505	-100.33815108933568	0.1027763007727398	-15.790618654918264
2.9296875	-64.634931816270779	-92.968626654388032	7.2022261874352136	-95.663078479634663	-0.43095344134662322	-24.409358514088019
3.90625	-67.4395064057274	-90.789908700683554	4.30287435440463	-93.055187862565	-1.160552051276508	-32.165509653897431
4.8828125	-69.529980624811358	-89.062875693623027	2.1645164626708513	-91.137171508559831	-1.9771211249699452	-38.362135383541855
5.859375	-71.1494569778828	-87.823134377736878	0.5299571512265896	-89.908335258954708	-2.7603296352254425	-43.210131724359272
6.8359375	-72.485320333025626	-86.98489147674195	-0.81241828163521557	-89.2231048815875	-3.4937154290120254	-47.251195505064317
7.8125	-73.579790260577212	-86.412631615804784	-1.8973021134610748	-88.911240518084142	-4.1415993217608964	-50.5481608924268
8.7890625	-74.510547309808032	-86.122083110237355	-2.8140986336028435	-88.985212210417842	-4.7138419994191487	-53.458309472792138
9.765625	-75.31711464868809	-85.929014297183386	-3.6046100373455223	-89.202566640668238	-5.2315478712920624	-56.0072047550539
10.7421875	-76.02147496751	-85.933187366237789	-4.2929501462587885	-89.696120475646111	-5.687363278077628	-58.394179306965135
11.71875	-76.655463843516586	-85.889184577000393	-4.9136389499002968	-90.135499374440727	-6.1190250939187507	-60.507626836868084
12.6953125	-77.234514231612863	-86.111868389356744	-5.4883792856407645	-90.930421108026891	-6.5104143877217275	-62.732292414844551
13.671875	-77.758160184879316	-86.196398824404412	-6.0078572193160893	-91.553352411218668	-6.8842058135206985	-64.648387688971809
14.6484375	-78.242045714813855	-86.398164638264063	-6.4949081948389056	-92.3319201432861	-7.2343215400788141	-66.582615891605684
15.625	-78.692997042363743	-86.517064847777448	-6.9529274953486357	-92.999481863019824	-7.5776170460190242	-68.330672941270834
16.6015625	-79.111810723110864	-86.7967366499154	-7.3869681487963135	-93.8762840466199	-7.8975467490745244	-70.1786943259446
18.5546875	-79.87389839837455	-87.147905543465342	-8.18989858329034	-95.338026676594993	-8.5210688639456631	-73.4186916370248
20.5078125	-80.543855087907758	-87.562577693780653	-8.919172342698289	-96.854394980347578	-9.1010749644647131	-76.477024480324275
21.484375	-80.847182696524357	-87.761763796520938	-9.2572452402095049	-97.5911670771281	-9.3756701921966172	-77.908123135767966
23.4375	-81.393002136882941	-88.198148151656213	-9.88256252437939	-99.094788730127064	-9.8886774647449265	-80.6566888396639
25.390625	-81.887010097859047	-88.648340220199529	-10.472943326173933	-100.55074825356121	-10.385259421091044	-83.249621872914631
27.34375	-82.335770728545981	-89.160843676661131	-11.034974503763237	-102.00900077050473	-10.86665947228709	-85.7526865083892
30.2734375	-82.886547092503491	-89.931920887071243	-11.769241667326797	-104.13816124820981	-11.502940614776325	-89.191144465958487
32.2265625	-83.206928045572582	-90.510211314500651	-12.228419280385141	-105.53473851247318	-11.907674793291338	-91.3766349942318
35.15625	-83.619933464880617	-91.510674996534036	-12.871782182554515	-107.63100865625827	-12.481188866853385	-94.540599595848292
38.0859375	-83.957683571205649	-92.666495988825929	-13.46241924870254	-109.70882284355451	-13.013944161475298	-97.561897235601521
41.9921875	-84.310030737123952	-94.494953231936577	-14.182502037215885	-112.45271282796853	-13.671201330787738	-101.41148171684149
44.921875	-84.501673963648727	-96.062964517123547	-14.665672414813869	-114.46535263801967	-14.115830823439936	-104.14187588897992
48.828125	-84.69682612357559	-98.558321034041285	-15.268200741126005	-117.14812128409673	-14.675259025279159	-107.69360374461911
52.734375	-84.835722739063712	-101.57092940436797	-15.823715273749333	-119.85167558012625	-15.19461126033738	-111.17746139459032
57.6171875	-84.958091569363859	-105.99440415119301	-16.449948674518456	-123.16545316108169	-15.784795941492721	-115.34908223456377
62.5	-85.078476317178868	-111.24373052464131	-17.022693669462051	-126.47775632593658	-16.3287874605444	-119.42948530717867
67.3828125	-85.215293997695653	-117.31639518362775	-17.526619589036365	-129.907780876426	-16.805928269483594	-123.54629715947053
73.2421875	-85.488351467603849	-125.28483826525823	-18.068424440798463	-134.05241001650441	-17.321053741243659	-128.43785515278026
79.1015625	-85.870242061987355	-133.54665541473619	-18.51273510944673	-138.32498527897158	-17.738946489818805	-133.37647159522916
85.9375	-86.522896360601564	-142.93775443992467	-18.980496523397278	-143.56200796522668	-18.1802016099643	-139.36196952907073
93.75	-87.454581000275041	-152.50032647001004	-19.470882884476502	-149.91467759568462	-18.647880312874609	-146.55679497605763
101.5625	-88.414714951763244	-160.53439426302623	-19.916100742176383	-156.6869626647694	-19.079276951209795	-154.16508008169936
110.3515625	-89.393261741065174	-167.59357131146237	-20.405853129353005	-164.31417343035741	-19.572214805618987	-162.68669059434765
119.140625	-90.133960525730615	-174.03340649225967	-20.856558042395321	-172.561709652952	-20.039570596165031	-171.82331931569777
129.8828125	-90.6967177166369	-182.02377992906074	-21.389215226176049	-183.20794058535876	-20.616938558868124	-183.50658502131887
140.625	-90.9655736148811	-191.18000803682463	-21.939361513335047	-194.10323608524877	-21.239890484279734	-195.31372859372354
152.34375	-91.093486668087408	-203.94286301513046	-22.532839326184416	-206.38474155989584	-21.936671669447744	-208.42249372363872
165.0390625	-91.4039230174232	-220.88664731769231	-23.142127644592403	-219.88697799324547	-22.67475010909374	-222.58838813765794
178.7109375	-92.512925852431124	-242.56712541618629	-23.940327028435597	-237.12638125991936	-23.648762558092905	-240.28951197373965
194.3359375	-94.913512828847843	-265.117459991139	-25.544254623428625	-259.16704670700767	-25.46950561190431	-262.16646141992669
210.9375	-98.129443016290367	-284.34636447725507	-28.399495041446773	-281.92716458034135	-28.473392573143002	-284.04100844838558
228.515625	-102.79715844375913	-299.03244363101811	-33.267594322347037	-298.99046011678888	-33.360035141600974	-300.06693960675278
247.0703125	-112.57230590554286	-271.50276138438096	-43.225573588145622	-271.50007676049086	-43.227348343773535	-271.89508830918948
EOF
